observation_date,DGS3MO,DGS6MO,DGS1,DGS2,DGS3,DGS5,DGS7,DGS10,beta_0,beta_1,beta_2,lambda
2022-01-03,0.08,0.22,0.4,0.78,1.04,1.37,1.55,1.63,2.3756172821091273,-2.2468739829296815,0.1347855550059729,0.30303030303030304
2022-01-04,0.08,0.22,0.38,0.77,1.02,1.37,1.57,1.66,2.498825056345431,-2.375081523490723,-0.05496507341366774,0.30303030303030304
2022-01-05,0.09,0.22,0.41,0.83,1.1,1.43,1.62,1.71,2.493765442474846,-2.3558273256249347,0.12418111566033951,0.30303030303030304
2022-01-06,0.1,0.23,0.45,0.88,1.15,1.47,1.66,1.73,2.4593906281174474,-2.3009092041580987,0.2785578649261973,0.30303030303030304
2022-01-07,0.1,0.24,0.43,0.87,1.17,1.5,1.69,1.76,2.4783616014062044,-2.3384835084494346,0.37013168259214946,0.30303030303030304
2022-01-10,0.13,0.28,0.46,0.92,1.21,1.53,1.71,1.78,2.4373283553832232,-2.2650307432782553,0.4941125931930834,0.30303030303030304
2022-01-11,0.11,0.28,0.46,0.9,1.22,1.51,1.69,1.75,2.322879980673787,-2.1683533829015693,0.6840739450075861,0.30303030303030304
2022-01-12,0.12,0.27,0.48,0.92,1.21,1.5,1.67,1.74,2.3413388700728386,-2.1628904419679023,0.5627542288852165,0.30303030303030304
2022-01-13,0.12,0.28,0.47,0.91,1.18,1.47,1.64,1.7,2.2695728499988292,-2.0919163388920117,0.5955210103036934,0.30303030303030304
2022-01-14,0.13,0.3,0.51,0.99,1.26,1.55,1.72,1.78,2.3223618601773026,-2.122648389357344,0.7340671204127889,0.30303030303030304
2022-01-18,0.16,0.37,0.58,1.06,1.35,1.65,1.82,1.87,2.356513351721905,-2.1185179391863307,0.9443512265082478,0.30303030303030304
2022-01-19,0.17,0.36,0.57,1.04,1.33,1.62,1.78,1.83,2.3052847446723166,-2.0651558191190302,0.9193613067063763,0.30303030303030304
2022-01-20,0.17,0.36,0.6,1.08,1.34,1.62,1.77,1.83,2.2900880844699905,-2.0267306050176606,0.908933275518862,0.30303030303030304
2022-01-21,0.17,0.35,0.58,1.01,1.28,1.54,1.7,1.75,2.2168272760793255,-1.962259117313175,0.8102023762374609,0.30303030303030304
2022-01-24,0.19,0.39,0.58,0.99,1.25,1.53,1.69,1.75,2.247094489515409,-1.9790144303063009,0.7054795330942389,0.30303030303030304
2022-01-25,0.19,0.39,0.65,1.02,1.28,1.56,1.73,1.78,2.3116125934220313,-2.012937352065622,0.6388469444874254,0.30303030303030304
2022-01-26,0.19,0.4,0.7,1.13,1.39,1.66,1.81,1.85,2.26403865163155,-1.9473545489751893,0.9992897407460539,0.30303030303030304
2022-01-27,0.2,0.43,0.75,1.18,1.43,1.66,1.78,1.81,2.0504971717878138,-1.703698548948115,1.324326578000111,0.30303030303030304
2022-01-28,0.19,0.43,0.75,1.15,1.38,1.61,1.74,1.78,2.069947642308933,-1.7201496823839877,1.145001720026525,0.30303030303030304
2022-01-31,0.22,0.49,0.78,1.18,1.39,1.62,1.75,1.79,2.042332048774174,-1.6575763260321463,1.1921543576989715,0.30303030303030304
2022-02-01,0.19,0.48,0.78,1.18,1.39,1.63,1.76,1.81,2.074709818455026,-1.7066205841926063,1.1960627443514553,0.30303030303030304
2022-02-02,0.19,0.45,0.76,1.16,1.38,1.6,1.74,1.78,2.0556508281757955,-1.6970569657534105,1.1576869694910552,0.30303030303030304
2022-02-03,0.2,0.48,0.78,1.19,1.42,1.66,1.78,1.82,2.0444500763646403,-1.6789256618687767,1.327239901945547,0.30303030303030304
2022-02-04,0.23,0.56,0.89,1.31,1.55,1.78,1.9,1.93,2.0582282395885807,-1.632257053036808,1.6237821218024344,0.30303030303030304
2022-02-07,0.27,0.58,0.88,1.3,1.54,1.76,1.88,1.92,2.0721610619243345,-1.6247518978461732,1.5122950499426708,0.30303030303030304
2022-02-08,0.25,0.59,0.91,1.35,1.59,1.81,1.93,1.96,2.050393673011141,-1.603886950934595,1.720577711779035,0.30303030303030304
2022-02-09,0.26,0.57,0.91,1.36,1.61,1.82,1.92,1.94,1.9790584458103537,-1.5316923138709349,1.8375690793195603,0.30303030303030304
2022-02-10,0.4,0.74,1.14,1.61,1.82,1.96,2.03,2.03,1.8204889063269674,-1.1817584495885431,2.3025039454552036,0.30303030303030304
2022-02-11,0.36,0.71,1.07,1.5,1.71,1.84,1.92,1.92,1.7202409396600862,-1.1319075411989428,2.193994695524191,0.30303030303030304
2022-02-14,0.43,0.76,1.13,1.58,1.8,1.9,1.98,1.98,1.749901068012966,-1.095277759008275,2.255407086155496,0.30303030303030304
2022-02-15,0.4,0.72,1.11,1.58,1.8,1.94,2.03,2.05,1.9503638938291339,-1.3218578542213577,2.0550277562397854,0.30303030303030304
2022-02-16,0.38,0.67,1.09,1.52,1.75,1.9,2.0,2.03,2.047507196849262,-1.4388483220866672,1.7731795961979766,0.30303030303030304
2022-02-17,0.36,0.65,1.05,1.49,1.7,1.85,1.94,1.97,1.9581166476871181,-1.3737709992909828,1.7948409978741633,0.30303030303030304
2022-02-18,0.35,0.65,1.03,1.47,1.68,1.82,1.9,1.92,1.8333703413568119,-1.2650643914413795,1.937733348034391,0.30303030303030304
2022-02-22,0.37,0.73,1.17,1.56,1.74,1.85,1.93,1.94,1.7536690364102825,-1.1029388720458444,2.0877191368524732,0.30303030303030304
2022-02-23,0.34,0.74,1.16,1.58,1.78,1.89,1.98,1.99,1.760322744799827,-1.1369085570964108,2.282377021026031,0.30303030303030304
2022-02-24,0.32,0.65,1.08,1.54,1.73,1.84,1.94,1.96,1.8436375430262526,-1.2605922472034004,2.024379122486613,0.30303030303030304
2022-02-25,0.33,0.71,1.13,1.55,1.76,1.86,1.96,1.97,1.7724712696518234,-1.168144904524701,2.2056584549904636,0.30303030303030304
2022-02-28,0.35,0.69,1.01,1.44,1.62,1.71,1.81,1.83,1.6694360733860463,-1.094564978638645,1.957198407612796,0.30303030303030304
2022-03-01,0.32,0.6,0.91,1.31,1.47,1.56,1.67,1.72,1.7308023056277413,-1.2030618575142082,1.4357592568623072,0.30303030303030304
2022-03-02,0.34,0.68,1.06,1.5,1.67,1.74,1.83,1.86,1.6707923837197776,-1.0739445719785754,2.0205232830164293,0.30303030303030304
2022-03-03,0.38,0.69,1.08,1.53,1.69,1.74,1.82,1.86,1.6702244413801706,-1.0358057387181616,1.9611758275950515,0.30303030303030304
2022-03-04,0.34,0.69,1.05,1.5,1.62,1.65,1.7,1.74,1.399324738013415,-0.7905581471082447,2.1826889642035616,0.30303030303030304
2022-03-07,0.38,0.75,1.07,1.55,1.68,1.71,1.77,1.78,1.3591611551577847,-0.7273277433078129,2.4286980922322217,0.30303030303030304
2022-03-08,0.36,0.72,1.12,1.63,1.78,1.8,1.85,1.86,1.4070885083297577,-0.77036056431857,2.6096107631394636,0.30303030303030304
2022-03-09,0.38,0.75,1.15,1.68,1.83,1.87,1.92,1.94,1.5157472762011772,-0.8558342881022862,2.604854034886448,0.30303030303030304
2022-03-10,0.39,0.75,1.19,1.72,1.88,1.92,1.98,1.98,1.557810347591552,-0.8799908431275757,2.659323775299643,0.30303030303030304
2022-03-11,0.4,0.78,1.22,1.75,1.91,1.96,2.01,2.0,1.5243442947768728,-0.8319587088181342,2.807183444063323,0.30303030303030304
2022-03-14,0.45,0.86,1.28,1.87,2.04,2.1,2.16,2.14,1.616103462514023,-0.8760214556607857,3.0496077014899816,0.30303030303030304
2022-03-15,0.46,0.86,1.28,1.85,2.04,2.1,2.16,2.15,1.663887147346171,-0.9213227531898484,2.9605304445983553,0.30303030303030304
2022-03-16,0.44,0.86,1.35,1.95,2.14,2.18,2.22,2.19,1.5580586987290839,-0.8001334430822725,3.3634354242594626,0.30303030303030304
2022-03-17,0.4,0.81,1.3,1.94,2.14,2.17,2.22,2.2,1.5895655812458604,-0.8756574000539172,3.3673910061094268,0.30303030303030304
2022-03-18,0.42,0.83,1.29,1.97,2.15,2.14,2.17,2.14,1.3800658996094324,-0.6534921472664108,3.6300872646902267,0.30303030303030304
2022-03-21,0.54,0.95,1.4,2.14,2.34,2.33,2.36,2.32,1.5080149193527288,-0.6744023310419924,3.8630211307143583,0.30303030303030304
2022-03-22,0.51,0.96,1.59,2.18,2.38,2.39,2.42,2.38,1.647598699589903,-0.74762380034076,3.674454934253905,0.30303030303030304
2022-03-23,0.5,0.93,1.52,2.13,2.32,2.34,2.37,2.32,1.5929566904429189,-0.7294220673054668,3.6477323349261606,0.30303030303030304
2022-03-24,0.52,0.96,1.55,2.13,2.35,2.37,2.39,2.34,1.5852394494597308,-0.7060429383465896,3.7225150132607108,0.30303030303030304
2022-03-25,0.55,1.01,1.67,2.3,2.51,2.55,2.56,2.48,1.6370485351803554,-0.695679861518166,4.078656401476763,0.30303030303030304
2022-03-28,0.59,1.08,1.69,2.35,2.55,2.54,2.55,2.46,1.465881182561419,-0.48767183577039197,4.354218671651932,0.30303030303030304
2022-03-29,0.55,1.06,1.67,2.35,2.54,2.49,2.5,2.41,1.3240406161672489,-0.37049763824295256,4.523677801647648,0.30303030303030304
2022-03-30,0.55,1.04,1.64,2.31,2.49,2.44,2.43,2.35,1.262823988266746,-0.31903779893501744,4.453441086889086,0.30303030303030304
2022-03-31,0.52,1.06,1.63,2.28,2.45,2.42,2.4,2.32,1.1841541068851766,-0.2625758846500972,4.553389173688062,0.30303030303030304
2022-04-01,0.53,1.09,1.72,2.44,2.61,2.55,2.5,2.39,1.028786718340366,-0.06856634106085976,5.165476045181393,0.30303030303030304
2022-04-04,0.66,1.14,1.72,2.43,2.61,2.56,2.52,2.42,1.2094665443843735,-0.17563070407771314,4.752754231693168,0.30303030303030304
2022-04-05,0.65,1.13,1.77,2.51,2.69,2.69,2.65,2.54,1.3807329076926556,-0.3388749152645094,4.805962172213509,0.30303030303030304
2022-04-06,0.67,1.15,1.79,2.5,2.67,2.7,2.69,2.61,1.6448071371822954,-0.5751005755629504,4.361405079928904,0.30303030303030304
2022-04-07,0.68,1.15,1.78,2.47,2.66,2.7,2.73,2.66,1.845156540324255,-0.7749798086729895,4.055131407679493,0.30303030303030304
2022-04-08,0.7,1.19,1.81,2.53,2.73,2.76,2.79,2.72,1.8491482315377734,-0.7572352306361905,4.231521963034605,0.30303030303030304
2022-04-11,0.77,1.23,1.85,2.5,2.73,2.79,2.84,2.79,2.116793393186371,-0.9724021598240191,3.7724628969158456,0.30303030303030304
2022-04-12,0.74,1.2,1.77,2.39,2.58,2.66,2.73,2.72,2.217574900754466,-1.1068653322441206,3.2607509771232888,0.30303030303030304
2022-04-13,0.75,1.2,1.78,2.37,2.57,2.66,2.71,2.7,2.1888812204904946,-1.0730137712288281,3.258549726789902,0.30303030303030304
2022-04-14,0.79,1.25,1.84,2.47,2.67,2.79,2.84,2.83,2.3352493083788004,-1.1751771461920584,3.337087459916046,0.30303030303030304
2022-04-18,0.81,1.27,1.84,2.46,2.68,2.79,2.85,2.85,2.3829810383785763,-1.213165796020823,3.2680333604876464,0.30303030303030304
2022-04-19,0.81,1.28,1.94,2.61,2.81,2.91,2.95,2.93,2.341343803385209,-1.1276722709113733,3.6316529049261774,0.30303030303030304
2022-04-20,0.82,1.29,1.93,2.6,2.79,2.87,2.88,2.85,2.135572531133981,-0.9199584618734926,3.8349018075894064,0.30303030303030304
2022-04-21,0.83,1.32,2.01,2.68,2.87,2.96,2.96,2.9,2.1005552707881856,-0.852030643177215,4.102585090720101,0.30303030303030304
2022-04-22,0.83,1.34,2.06,2.72,2.88,2.94,2.95,2.9,2.0899812772367294,-0.8053497286777487,4.052235736118724,0.30303030303030304
2022-04-25,0.91,1.42,2.03,2.63,2.79,2.84,2.85,2.81,2.014789735340593,-0.6940288583792745,3.831828548192745,0.30303030303030304
2022-04-26,0.83,1.4,1.99,2.54,2.72,2.79,2.8,2.77,1.9692781914832687,-0.7171738199328478,3.8636991960832257,0.30303030303030304
2022-04-27,0.82,1.39,1.97,2.58,2.75,2.81,2.84,2.82,2.04593061665391,-0.8020599818084615,3.8543250178099364,0.30303030303030304
2022-04-28,0.82,1.38,2.04,2.63,2.8,2.86,2.88,2.85,2.065298975396744,-0.7928374907748998,3.903069097949338,0.30303030303030304
2022-04-29,0.85,1.41,2.1,2.7,2.87,2.92,2.94,2.89,2.0509239188573525,-0.7379191576368141,4.057446379993643,0.30303030303030304
2022-05-02,0.9,1.49,2.1,2.73,2.93,3.01,3.04,2.99,2.1536519075780345,-0.8246212461908904,4.159031903250963,0.30303030303030304
2022-05-03,0.91,1.45,2.16,2.78,2.95,3.01,3.03,2.97,2.1442244176121963,-0.7741919075575276,4.076647388826953,0.30303030303030304
2022-05-04,0.89,1.44,2.07,2.66,2.85,2.93,2.97,2.93,2.2093079273937954,-0.8919903422336961,3.814789601698056,0.30303030303030304
2022-05-05,0.85,1.37,2.08,2.71,2.91,3.01,3.07,3.05,2.477191855710805,-1.1781217467442706,3.6289714885133706,0.30303030303030304
2022-05-06,0.85,1.41,2.08,2.72,2.94,3.06,3.13,3.12,2.559715358148958,-1.266833142500127,3.6803264687022796,0.30303030303030304
2022-05-09,0.92,1.43,1.99,2.61,2.81,2.95,3.04,3.05,2.663762337009553,-1.3609640636524447,3.1400376666278587,0.30303030303030304
2022-05-10,0.89,1.44,2.01,2.62,2.81,2.91,2.99,2.99,2.458772851342571,-1.15989104825528,3.4078593483434387,0.30303030303030304
2022-05-11,0.91,1.43,1.99,2.66,2.81,2.89,2.94,2.91,2.2282671526344213,-0.9221437716597399,3.6924853542187606,0.30303030303030304
2022-05-12,0.96,1.44,1.96,2.56,2.73,2.81,2.86,2.84,2.2486900247586266,-0.9290317793421936,3.364447777405446,0.30303030303030304
2022-05-13,1.03,1.47,2.04,2.61,2.79,2.89,2.95,2.93,2.4617266489903193,-1.0704886184880216,3.1118147048895586,0.30303030303030304
2022-05-16,1.07,1.54,2.07,2.58,2.75,2.83,2.89,2.88,2.388152349888951,-0.9537111341646081,3.019453026821189,0.30303030303030304
2022-05-17,1.06,1.57,2.16,2.71,2.89,2.96,3.0,2.98,2.3453583944095833,-0.8839479465393951,3.4636086052925696,0.30303030303030304
2022-05-18,1.03,1.56,2.16,2.68,2.84,2.89,2.91,2.89,2.170218191316937,-0.7193319551132384,3.555299537708965,0.30303030303030304
2022-05-19,1.05,1.52,2.11,2.63,2.78,2.84,2.87,2.84,2.212310623760293,-0.7701619462340615,3.30770450714512,0.30303030303030304
2022-05-20,1.03,1.51,2.07,2.6,2.73,2.8,2.82,2.78,2.1046440699596225,-0.68991654626731,3.390438532007766,0.30303030303030304
2022-05-23,1.07,1.57,2.09,2.65,2.8,2.88,2.9,2.86,2.152411023877239,-0.7141474287143583,3.5387332021893565,0.30303030303030304
2022-05-24,1.06,1.53,2.02,2.5,2.66,2.76,2.8,2.76,2.1985051547064773,-0.7974895664733184,3.118546705003103,0.30303030303030304
2022-05-25,1.06,1.52,2.01,2.48,2.63,2.71,2.76,2.75,2.2605679401802257,-0.852279662076538,2.878494800451406,0.30303030303030304
2022-05-26,1.07,1.52,1.99,2.46,2.63,2.7,2.75,2.75,2.2709331016671945,-0.8681808705312696,2.848043848353264,0.30303030303030304
2022-05-27,1.08,1.54,2.01,2.47,2.64,2.71,2.76,2.74,2.2140423479709956,-0.8004064415116698,2.9574736170390112,0.30303030303030304
2022-05-31,1.16,1.64,2.08,2.53,2.71,2.81,2.87,2.85,2.3682370163277735,-0.8845002520917531,2.9062195820803347,0.30303030303030304
2022-06-01,1.15,1.63,2.16,2.66,2.84,2.94,2.98,2.94,2.3605059925068135,-0.8537829236644987,3.2599754775913468,0.30303030303030304
2022-06-02,1.17,1.64,2.15,2.65,2.83,2.92,2.95,2.92,2.3292486733645656,-0.8134136155955671,3.235275547158968,0.30303030303030304
2022-06-03,1.21,1.68,2.18,2.66,2.87,2.95,2.99,2.96,2.3818448136043426,-0.8361991662000517,3.2173701494596907,0.30303030303030304
2022-06-06,1.26,1.74,2.23,2.73,2.94,3.03,3.07,3.04,2.454120058630812,-0.8602590739142527,3.276882230569994,0.30303030303030304
2022-06-07,1.26,1.75,2.26,2.75,2.91,2.99,3.02,2.98,2.3381926874232355,-0.7188463104447479,3.304862901630118,0.30303030303030304
2022-06-08,1.28,1.77,2.29,2.78,2.94,3.03,3.06,3.03,2.4245760249157784,-0.78025997343528,3.2405945071700035,0.30303030303030304
2022-06-09,1.3,1.81,2.35,2.83,2.99,3.07,3.08,3.04,2.333993988030201,-0.6547103652379529,3.4584454883355273,0.30303030303030304
2022-06-10,1.39,1.98,2.58,3.06,3.21,3.25,3.24,3.15,2.150589112071874,-0.32476250189689465,4.154551598584289,0.30303030303030304
2022-06-13,1.73,2.25,2.89,3.4,3.56,3.56,3.53,3.43,2.376081357661314,-0.22433329812447123,4.247427707379063,0.30303030303030304
2022-06-14,1.83,2.43,3.15,3.45,3.6,3.61,3.6,3.49,2.495689522394656,-0.16934177715050835,3.9596358388200903,0.30303030303030304
2022-06-15,1.74,2.32,2.93,3.2,3.35,3.38,3.39,3.33,2.534397803003169,-0.3456256232449071,3.3912803113774346,0.30303030303030304
2022-06-16,1.59,2.24,2.88,3.14,3.33,3.35,3.36,3.28,2.348892629616625,-0.28092497919927495,3.8218580727733173,0.30303030303030304
2022-06-17,1.63,2.25,2.86,3.17,3.35,3.34,3.34,3.25,2.239059176702164,-0.1542331257845944,3.960536857314869,0.30303030303030304
2022-06-21,1.7,2.46,2.92,3.21,3.35,3.38,3.39,3.31,2.22745610130825,-0.07017520791457721,4.069770105854003,0.30303030303030304
2022-06-22,1.61,2.4,2.79,3.06,3.2,3.22,3.24,3.16,2.049253106487449,0.002444104375931233,4.065339235110776,0.30303030303030304
2022-06-23,1.65,2.44,2.78,3.01,3.12,3.14,3.16,3.09,2.0141710002731665,0.06658485118683544,3.834629162171603,0.30303030303030304
2022-06-24,1.73,2.51,2.83,3.04,3.13,3.18,3.19,3.13,2.1154756810975552,0.03571422836262128,3.6443478924968176,0.30303030303030304
2022-06-27,1.79,2.56,2.89,3.08,3.21,3.24,3.27,3.2,2.201649022599885,0.0014318927340090104,3.641682459157074,0.30303030303030304
2022-06-28,1.79,2.55,2.88,3.1,3.21,3.25,3.27,3.2,2.1932980290674324,0.008437108505768065,3.666925220280375,0.30303030303030304
2022-06-29,1.78,2.55,2.88,3.06,3.13,3.15,3.17,3.1,2.0758688167720605,0.13429326161036337,3.5562710512998033,0.30303030303030304
2022-06-30,1.72,2.51,2.8,2.92,2.99,3.01,3.04,2.98,1.9976056418359522,0.1473734972837638,3.3653525035446523,0.30303030303030304
2022-07-01,1.73,2.52,2.79,2.84,2.85,2.88,2.92,2.88,2.0153663874931036,0.15220867221122425,2.8933997952037473,0.30303030303030304
2022-07-05,1.9,2.59,2.77,2.82,2.82,2.82,2.87,2.82,2.022557974187637,0.23921613812846654,2.5513670403006183,0.30303030303030304
2022-07-06,1.9,2.62,2.82,2.97,2.99,2.96,2.99,2.93,1.9361633927178152,0.3391626891807846,3.1482674909979607,0.30303030303030304
2022-07-07,1.95,2.64,2.87,3.03,3.05,3.05,3.07,3.01,2.0727263630394335,0.24859248219764563,3.0750134979670944,0.30303030303030304
2022-07-08,1.98,2.68,2.96,3.12,3.14,3.13,3.16,3.09,2.138632845015875,0.23901021002399425,3.149242351790376,0.30303030303030304
2022-07-11,2.18,2.79,2.97,3.07,3.09,3.05,3.06,2.99,2.063651002763898,0.4356584521261765,2.810352503700348,0.30303030303030304
2022-07-12,2.22,2.78,3.07,3.03,3.07,3.01,3.01,2.96,2.1568964389480234,0.41206462609775973,2.37713178550327,0.30303030303030304
2022-07-13,2.39,2.96,3.21,3.13,3.14,3.02,3.0,2.91,1.8928103438562294,0.8401750407455612,2.6422195155363513,0.30303030303030304
2022-07-14,2.4,2.93,3.16,3.15,3.16,3.06,3.05,2.96,2.0103654358297742,0.7041872726717775,2.5803173943333095,0.30303030303030304
2022-07-15,2.37,2.94,3.12,3.13,3.14,3.05,3.03,2.93,1.8857716072092519,0.7894165414418446,2.824092041712003,0.30303030303030304
2022-07-18,2.5,3.02,3.13,3.15,3.15,3.06,3.05,2.96,2.006176348242682,0.7526825642331265,2.5293945983970536,0.30303030303030304
2022-07-19,2.52,3.06,3.18,3.23,3.22,3.14,3.11,3.01,1.9673123189257795,0.8217169307949633,2.7807420058095946,0.30303030303030304
2022-07-20,2.51,3.04,3.18,3.25,3.25,3.18,3.15,3.04,1.9970348416774484,0.7804401738921584,2.8554634136598196,0.30303030303030304
2022-07-21,2.48,3.0,3.11,3.1,3.07,3.0,2.99,2.91,2.024541059694447,0.7226990935064816,2.305882506838394,0.30303030303030304
2022-07-22,2.49,2.97,3.01,2.98,2.93,2.87,2.85,2.77,1.9240697654045757,0.7897610347393234,2.0799205778163032,0.30303030303030304
2022-07-25,2.62,3.06,3.07,3.0,2.98,2.89,2.89,2.81,2.0253584526042316,0.7864458660948787,1.8580178092752795,0.30303030303030304
2022-07-26,2.55,3.01,3.06,3.02,3.01,2.89,2.88,2.81,1.9421395916248199,0.8264589407479699,2.0910112705008164,0.30303030303030304
2022-07-27,2.44,2.93,3.0,2.96,2.93,2.82,2.83,2.78,1.9865424571223866,0.7029891576956832,1.943279600304677,0.30303030303030304
2022-07-28,2.42,2.9,2.93,2.85,2.81,2.69,2.69,2.68,1.9512942679400223,0.7075115465831514,1.6435654492990226,0.30303030303030304
2022-07-29,2.41,2.91,2.98,2.89,2.83,2.7,2.7,2.67,1.8768425536709605,0.8012048796174699,1.7791864368952781,0.30303030303030304
2022-08-01,2.56,2.96,2.98,2.9,2.82,2.66,2.64,2.6,1.8030375005408814,0.9666038243280543,1.6019752191780943,0.30303030303030304
2022-08-02,2.56,3.0,3.09,3.06,3.02,2.85,2.82,2.75,1.7877981397459792,1.0120396620638286,2.1893834488880906,0.30303030303030304
2022-08-03,2.52,3.0,3.14,3.1,3.04,2.86,2.81,2.73,1.6511209650234866,1.1506921651473712,2.4447904297397005,0.30303030303030304
2022-08-04,2.5,2.98,3.11,3.03,2.95,2.76,2.73,2.68,1.7147853863404954,1.0772459381440933,2.0738309600609623,0.30303030303030304
2022-08-05,2.58,3.1,3.29,3.24,3.18,2.97,2.91,2.83,1.6456982018943689,1.2575201949481376,2.6820219681226423,0.30303030303030304
2022-08-08,2.65,3.15,3.3,3.21,3.14,2.91,2.85,2.77,1.5932044913779255,1.3601151551336166,2.517075574409301,0.30303030303030304
2022-08-09,2.67,3.16,3.33,3.28,3.2,2.97,2.89,2.8,1.5522843470298722,1.4239746608751023,2.7129563547189255,0.30303030303030304
2022-08-10,2.65,3.13,3.26,3.23,3.13,2.93,2.86,2.78,1.6215833167186187,1.317256669297447,2.513570664650909,0.30303030303030304
2022-08-11,2.62,3.08,3.25,3.23,3.16,2.98,2.94,2.87,1.8567862649709181,1.0547461881981097,2.3172481904334004,0.30303030303030304
2022-08-12,2.63,3.13,3.26,3.25,3.18,2.97,2.92,2.84,1.6781537103488784,1.2432437425597922,2.6155994947905317,0.30303030303030304
2022-08-15,2.72,3.13,3.23,3.2,3.14,2.91,2.86,2.79,1.7286648317687838,1.2337276725569613,2.257423667242813,0.30303030303030304
2022-08-16,2.7,3.12,3.26,3.25,3.19,2.95,2.9,2.82,1.7090202633428617,1.2540100023069563,2.4243359863224185,0.30303030303030304
2022-08-17,2.68,3.15,3.27,3.28,3.27,3.04,2.99,2.89,1.6743372209708047,1.261928784235421,2.8226986112874575,0.30303030303030304
2022-08-18,2.71,3.12,3.24,3.22,3.23,3.02,2.97,2.88,1.796839629025392,1.1388961855930584,2.5018228967310066,0.30303030303030304
2022-08-19,2.74,3.16,3.26,3.25,3.28,3.11,3.06,2.98,1.95387989867959,0.9986661137997437,2.470410648042522,0.30303030303030304
2022-08-22,2.82,3.23,3.32,3.32,3.36,3.17,3.12,3.03,1.9582732650525396,1.0632999963595033,2.564739668087753,0.30303030303030304
2022-08-23,2.8,3.21,3.29,3.29,3.35,3.18,3.14,3.05,2.028419953367277,0.9618131706530944,2.517621699590431,0.30303030303030304
2022-08-24,2.82,3.28,3.35,3.36,3.4,3.2,3.2,3.11,2.079307436337449,0.9597740947713737,2.526643181893803,0.30303030303030304
2022-08-25,2.88,3.25,3.33,3.35,3.37,3.15,3.11,3.03,1.998008664113658,1.0736762611723814,2.387187800773335,0.30303030303030304
2022-08-26,2.89,3.26,3.36,3.37,3.4,3.2,3.14,3.04,1.9552795329780064,1.125007076090105,2.5520776780612717,0.30303030303030304
2022-08-29,2.97,3.32,3.43,3.42,3.45,3.27,3.21,3.12,2.1199137547487727,1.0362530882305745,2.352843695392082,0.30303030303030304
2022-08-30,2.97,3.31,3.48,3.46,3.47,3.27,3.22,3.11,2.094361534410888,1.0892851457539352,2.364388546547471,0.30303030303030304
2022-08-31,2.96,3.32,3.5,3.45,3.46,3.3,3.25,3.15,2.205690701497077,0.9784610309755116,2.2401488981429845,0.30303030303030304
2022-09-01,2.97,3.34,3.51,3.51,3.54,3.39,3.36,3.26,2.34057730954329,0.8473700202352954,2.3175117192019288,0.30303030303030304
2022-09-02,2.94,3.33,3.47,3.4,3.44,3.3,3.29,3.2,2.366749392181551,0.787560156052189,2.0607741591117805,0.30303030303030304
2022-09-06,3.04,3.4,3.61,3.5,3.55,3.43,3.41,3.33,2.585745389156158,0.6832850418467828,1.8738458626863275,0.30303030303030304
2022-09-07,3.07,3.42,3.6,3.45,3.5,3.37,3.35,3.27,2.5363149515074253,0.7474466116729286,1.7498600255729335,0.30303030303030304
2022-09-08,3.06,3.44,3.6,3.48,3.54,3.39,3.37,3.29,2.4716626692514554,0.8048051543905842,1.9748989538511788,0.30303030303030304
2022-09-09,3.08,3.52,3.67,3.56,3.61,3.45,3.42,3.33,2.375469866235587,0.9427866408876192,2.294954188937055,0.30303030303030304
2022-09-12,3.17,3.56,3.7,3.58,3.6,3.47,3.45,3.37,2.572899916296472,0.8177415301407107,1.8778075568691959,0.30303030303030304
2022-09-13,3.28,3.75,3.92,3.75,3.75,3.58,3.53,3.42,2.3639975761447576,1.1865566755924284,2.3690687827455243,0.30303030303030304
2022-09-14,3.24,3.76,3.95,3.78,3.79,3.6,3.52,3.41,2.1911490413379906,1.3459751962997075,2.7522434370640556,0.30303030303030304
2022-09-15,3.22,3.78,4.0,3.87,3.85,3.66,3.59,3.45,2.139791990139798,1.4102055486175478,3.0333427369086876,0.30303030303030304
2022-09-16,3.2,3.77,3.96,3.85,3.81,3.62,3.56,3.45,2.200990325957029,1.331319826924015,2.862725601738501,0.30303030303030304
2022-09-19,3.37,3.87,4.05,3.95,3.9,3.69,3.62,3.49,2.2260350290202275,1.4431010049020652,2.8079856318098053,0.30303030303030304
2022-09-20,3.35,3.86,4.03,3.96,3.94,3.75,3.69,3.57,2.348559388627114,1.2917604962313565,2.8389018708267613,0.30303030303030304
2022-09-21,3.31,3.86,4.08,4.02,3.98,3.74,3.65,3.51,2.057955222929537,1.585908087370002,3.315350775265018,0.30303030303030304
2022-09-22,3.29,3.87,4.08,4.11,4.12,3.91,3.84,3.7,2.2558386570624744,1.3587030604824257,3.584199247453395,0.30303030303030304
2022-09-23,3.24,3.85,4.15,4.2,4.21,3.96,3.85,3.69,2.0161172889706838,1.5974887311638386,4.139801913973945,0.30303030303030304
2022-09-26,3.39,3.95,4.17,4.27,4.37,4.15,4.06,3.88,2.2715120660584414,1.4050104613878227,4.196227004494827,0.30303030303030304
2022-09-27,3.35,3.91,4.16,4.3,4.39,4.21,4.14,3.97,2.4789763176960125,1.1714345683973433,4.061821251979363,0.30303030303030304
2022-09-28,3.4,3.87,3.99,4.07,4.12,3.92,3.83,3.72,2.389043750511688,1.2403599223700628,3.3080646758559604,0.30303030303030304
2022-09-29,3.36,3.87,3.98,4.16,4.19,3.98,3.89,3.76,2.2821063437973015,1.320653057420873,3.7562644067298145,0.30303030303030304
2022-09-30,3.33,3.92,4.05,4.22,4.25,4.06,3.97,3.83,2.2742215315948022,1.3368766360607613,4.025482767112026,0.30303030303030304
2022-10-03,3.46,3.97,4.01,4.12,4.12,3.9,3.79,3.67,2.173033831910621,1.5100920941850586,3.5610481250990578,0.30303030303030304
2022-10-04,3.45,3.98,4.15,4.1,4.08,3.84,3.73,3.62,2.185959244367481,1.5654484063497542,3.2418176003183414,0.30303030303030304
2022-10-05,3.46,4.0,4.14,4.15,4.17,3.96,3.87,3.76,2.3700364572243666,1.3683574128580762,3.340672937133201,0.30303030303030304
2022-10-06,3.46,4.04,4.19,4.23,4.24,4.05,3.95,3.83,2.366996530488882,1.3896514393732362,3.5929361341479487,0.30303030303030304
2022-10-07,3.45,4.09,4.24,4.3,4.33,4.14,4.03,3.89,2.278380940043233,1.483000686685736,4.036512086026453,0.30303030303030304
2022-10-11,3.67,4.17,4.28,4.3,4.31,4.14,4.06,3.93,2.625779414380736,1.2880415786983839,3.1709449133957985,0.30303030303030304
2022-10-12,3.7,4.16,4.28,4.28,4.29,4.12,4.03,3.91,2.659534606639487,1.2732429544145014,2.989436935426148,0.30303030303030304
2022-10-13,3.79,4.3,4.46,4.47,4.44,4.21,4.11,3.97,2.5129857497032364,1.5615930824357682,3.374432765387537,0.30303030303030304
2022-10-14,3.81,4.31,4.5,4.48,4.47,4.25,4.15,4.0,2.565695454396684,1.530023407577444,3.35430050671056,0.30303030303030304
2022-10-17,3.97,4.38,4.5,4.45,4.45,4.24,4.15,4.02,2.774137785250902,1.4144628853223946,2.801471378630981,0.30303030303030304
2022-10-18,4.04,4.39,4.5,4.43,4.43,4.21,4.12,4.01,2.868186056855714,1.366061084609087,2.4639406819570224,0.30303030303030304
2022-10-19,4.07,4.45,4.6,4.55,4.56,4.35,4.26,4.14,2.9530707226661685,1.335093911235272,2.683177992561645,0.30303030303030304
2022-10-20,4.09,4.48,4.66,4.62,4.66,4.45,4.36,4.24,3.036505214456449,1.2804482237266437,2.817883519028939,0.30303030303030304
2022-10-21,4.09,4.43,4.58,4.49,4.52,4.34,4.28,4.21,3.3045075761011273,0.9902188113351124,2.043077763773924,0.30303030303030304
2022-10-24,4.16,4.52,4.61,4.5,4.52,4.36,4.31,4.25,3.3963767808386556,0.9539975529803197,1.8815721969023993,0.30303030303030304
2022-10-25,4.14,4.5,4.6,4.42,4.45,4.25,4.17,4.1,3.124270063177753,1.209475719457086,2.0087011679439835,0.30303030303030304
2022-10-26,4.11,4.47,4.54,4.39,4.41,4.2,4.12,4.04,3.0125038256920913,1.2796404965703976,2.115594054451219,0.30303030303030304
2022-10-27,4.13,4.44,4.5,4.3,4.29,4.09,4.01,3.96,3.092914511302997,1.2074395155316389,1.5886385615472078,0.30303030303030304
2022-10-28,4.18,4.51,4.55,4.41,4.38,4.19,4.1,4.02,3.032371182667117,1.3145137659861739,1.9293277752066251,0.30303030303030304
2022-10-31,4.22,4.57,4.66,4.51,4.45,4.27,4.18,4.1,3.1206752197063405,1.303782681764955,1.9108975023957997,0.30303030303030304
2022-11-01,4.23,4.58,4.75,4.54,4.48,4.27,4.18,4.07,3.0265474728878816,1.4423968850007864,2.0041589664780357,0.30303030303030304
2022-11-02,4.22,4.57,4.76,4.61,4.54,4.3,4.2,4.1,2.983526223765334,1.4899806215969522,2.1901685844487413,0.30303030303030304
2022-11-03,4.25,4.57,4.78,4.71,4.63,4.36,4.26,4.14,2.9428716244901127,1.557824175105312,2.422565832428261,0.30303030303030304
2022-11-04,4.21,4.55,4.76,4.66,4.58,4.33,4.26,4.17,3.12631008332484,1.3489943194593499,2.086259444000901,0.30303030303030304
2022-11-07,4.29,4.62,4.8,4.72,4.63,4.39,4.31,4.22,3.166219338039447,1.3720765235820545,2.0966169350096,0.30303030303030304
2022-11-08,4.28,4.6,4.77,4.67,4.55,4.31,4.22,4.14,3.105520833975735,1.4238253241410113,1.9449105557688815,0.30303030303030304
2022-11-09,4.29,4.59,4.75,4.61,4.49,4.27,4.2,4.12,3.205979077849965,1.3209399175271563,1.6418384226519172,0.30303030303030304
2022-11-10,4.28,4.52,4.59,4.34,4.17,3.95,3.89,3.82,3.0666598129028486,1.4046668566444884,0.9302730731168568,0.30303030303030304
2022-11-14,4.34,4.55,4.63,4.4,4.24,4.0,3.95,3.88,3.1481516802066087,1.3750028151567777,0.8903376484747715,0.30303030303030304
2022-11-15,4.31,4.54,4.6,4.37,4.17,3.93,3.88,3.8,3.0275343561370853,1.4745381137130844,0.9143263361006702,0.30303030303030304
2022-11-16,4.32,4.54,4.62,4.35,4.13,3.83,3.77,3.67,2.7796541866169204,1.745942307023196,1.0091268816483647,0.30303030303030304
2022-11-17,4.32,4.57,4.68,4.43,4.22,3.93,3.87,3.77,2.8526941315323184,1.6942055871672952,1.1745748973473626,0.30303030303030304
2022-11-18,4.34,4.61,4.74,4.51,4.28,3.99,3.92,3.82,2.851048288507912,1.7371728229840289,1.304813474690697,0.30303030303030304
2022-11-21,4.41,4.65,4.75,4.48,4.32,3.97,3.94,3.83,2.888672968209341,1.734130108236704,1.2111292726272305,0.30303030303030304
2022-11-22,4.4,4.68,4.79,4.47,4.27,3.93,3.86,3.76,2.737228012547846,1.9058947305922882,1.2715848619699,0.30303030303030304
2022-11-23,4.4,4.67,4.75,4.46,4.23,3.88,3.81,3.71,2.670357249950755,1.96426779316592,1.2518161768184248,0.30303030303030304
2022-11-25,4.41,4.67,4.76,4.42,4.2,3.85,3.78,3.68,2.675347272049166,1.9677900952121532,1.122874084999666,0.30303030303030304
2022-11-28,4.41,4.72,4.76,4.46,4.22,3.88,3.8,3.69,2.5727114131719677,2.070336763012639,1.4060184089390408,0.30303030303030304
2022-11-29,4.38,4.72,4.78,4.48,4.24,3.92,3.85,3.75,2.674502494992089,1.9601530640375564,1.3808357315485642,0.30303030303030304
2022-11-30,4.37,4.7,4.74,4.38,4.13,3.82,3.76,3.68,2.721792310220695,1.897240120118888,1.0060338584519912,0.30303030303030304
2022-12-01,4.33,4.65,4.66,4.25,3.98,3.68,3.62,3.53,2.600477511510417,1.9649534181693933,0.8275304459482143,0.30303030303030304
2022-12-02,4.34,4.65,4.69,4.28,3.99,3.67,3.61,3.51,2.5505381906095876,2.0399170661719115,0.8498146189518002,0.30303030303030304
2022-12-05,4.36,4.73,4.77,4.41,4.13,3.8,3.72,3.6,2.439882995037961,2.1876982343008287,1.4114390222737958,0.30303030303030304
2022-12-06,4.37,4.74,4.73,4.34,4.07,3.73,3.64,3.51,2.2945907538936883,2.317540679387521,1.457209302163659,0.30303030303030304
2022-12-07,4.29,4.72,4.67,4.26,3.97,3.62,3.54,3.42,2.1680324631273407,2.381462850897426,1.4747130440903644,0.30303030303030304
2022-12-08,4.28,4.71,4.71,4.31,4.04,3.71,3.63,3.48,2.199101493823491,2.348915010030434,1.6739031940789302,0.30303030303030304
2022-12-09,4.31,4.72,4.72,4.33,4.07,3.75,3.69,3.57,2.4307651622201516,2.141779505634107,1.3862307302470178,0.30303030303030304
2022-12-12,4.38,4.78,4.75,4.39,4.1,3.8,3.73,3.61,2.4742856213798334,2.15540113143679,1.3591535089369662,0.30303030303030304
2022-12-13,4.35,4.7,4.64,4.22,3.96,3.66,3.6,3.51,2.5363840649945377,2.028441849149399,0.8985831298497109,0.30303030303030304
2022-12-14,4.33,4.68,4.64,4.23,3.94,3.64,3.59,3.49,2.5247212101760343,2.0360456240998017,0.8676102979431596,0.30303030303030304
2022-12-15,4.34,4.7,4.65,4.23,3.96,3.62,3.56,3.44,2.3380978348731465,2.227413042640324,1.1390117919860006,0.30303030303030304
2022-12-16,4.31,4.68,4.61,4.17,3.91,3.61,3.58,3.48,2.5445636468014765,1.9855707480269313,0.8183842304339731,0.30303030303030304
2022-12-19,4.37,4.71,4.64,4.25,3.99,3.7,3.67,3.57,2.6626494664151594,1.9126927113720513,0.8178478590732163,0.30303030303030304
2022-12-20,4.35,4.7,4.64,4.25,4.03,3.79,3.78,3.69,2.9104967309001144,1.640060856891663,0.7015941062399955,0.30303030303030304
2022-12-21,4.33,4.67,4.6,4.21,4.0,3.78,3.77,3.68,2.939448137180731,1.5774714745174847,0.6475717273397287,0.30303030303030304
2022-12-22,4.35,4.66,4.64,4.24,4.02,3.79,3.77,3.67,2.919987732483168,1.627749633424758,0.6371776561759441,0.30303030303030304
2022-12-23,4.34,4.67,4.66,4.31,4.09,3.86,3.83,3.75,2.9693015314051516,1.582721014397449,0.7790066897224172,0.30303030303030304
2022-12-27,4.46,4.76,4.75,4.32,4.17,3.94,3.93,3.84,3.150848346978039,1.4910206891933668,0.5866569484802894,0.30303030303030304
2022-12-28,4.46,4.75,4.71,4.31,4.18,3.97,3.97,3.88,3.236039111570208,1.3809121068639956,0.5695084234571784,0.30303030303030304
2022-12-29,4.45,4.73,4.71,4.34,4.16,3.94,3.91,3.83,3.1256715417355987,1.4992878940339402,0.6234268682082934,0.30303030303030304
2022-12-30,4.42,4.76,4.73,4.41,4.22,3.99,3.96,3.88,3.065614235189221,1.5529027186987805,0.94144945036705,0.30303030303030304
2023-01-03,4.53,4.77,4.72,4.4,4.18,3.94,3.89,3.79,2.993107034852598,1.6890229941691202,0.7434017570536532,0.30303030303030304
2023-01-04,4.55,4.77,4.71,4.36,4.11,3.85,3.79,3.69,2.879154439807725,1.8206236021809554,0.620525825597247,0.30303030303030304
2023-01-05,4.66,4.81,4.78,4.45,4.18,3.9,3.82,3.71,2.882492568712837,1.9150238687364436,0.5836636658103757,0.30303030303030304
2023-01-06,4.67,4.79,4.71,4.24,3.96,3.69,3.63,3.55,2.940306073070324,1.8444829947323855,-0.1624733774967586,0.30303030303030304
2023-01-09,4.7,4.83,4.69,4.19,3.93,3.66,3.6,3.53,2.9291615170346432,1.8604590450400837,-0.2319385293082652,0.30303030303030304
2023-01-10,4.73,4.85,4.74,4.24,3.94,3.72,3.67,3.61,3.152017960363503,1.6844299552256394,-0.5310514617429014,0.30303030303030304
2023-01-11,4.72,4.84,4.73,4.2,3.9,3.66,3.61,3.54,3.045951797004569,1.7817102229268116,-0.5162801632403898,0.30303030303030304
2023-01-12,4.66,4.76,4.66,4.12,3.79,3.53,3.48,3.43,2.98023908654902,1.797775945746124,-0.7308789803588897,0.30303030303030304
2023-01-13,4.67,4.77,4.69,4.22,3.88,3.6,3.55,3.49,2.9629676048436,1.8355969566257184,-0.4886386994719154,0.30303030303030304
2023-01-17,4.71,4.82,4.67,4.18,3.86,3.6,3.57,3.53,3.1050415721090636,1.7049627539690693,-0.7223397790696111,0.30303030303030304
2023-01-18,4.69,4.79,4.63,4.06,3.72,3.43,3.4,3.37,2.9699491912296123,1.8240052772870905,-0.9897492661683062,0.30303030303030304
2023-01-19,4.71,4.79,4.65,4.09,3.76,3.48,3.43,3.39,2.9567215961864397,1.8499540541121113,-0.8759542274206599,0.30303030303030304
2023-01-20,4.72,4.8,4.68,4.14,3.83,3.56,3.51,3.48,3.072348947164958,1.7477059097359284,-0.8451265200982883,0.30303030303030304
2023-01-23,4.73,4.82,4.7,4.21,3.88,3.61,3.56,3.52,3.06077901212803,1.776141650781809,-0.683827345158402,0.30303030303030304
2023-01-24,4.72,4.84,4.7,4.12,3.86,3.58,3.52,3.46,2.9126144037384445,1.897480211920144,-0.4896845106634634,0.30303030303030304
2023-01-25,4.72,4.79,4.67,4.11,3.84,3.54,3.51,3.46,3.032138763940695,1.774837363492227,-0.7835230424647591,0.30303030303030304
2023-01-26,4.71,4.79,4.68,4.17,3.88,3.58,3.54,3.49,3.0071224497093527,1.801969280864653,-0.6192313365070945,0.30303030303030304
2023-01-27,4.73,4.81,4.68,4.19,3.9,3.62,3.58,3.52,3.0351275975888288,1.7807077088335983,-0.566823971495958,0.30303030303030304
2023-01-30,4.72,4.82,4.71,4.25,3.96,3.68,3.62,3.55,2.9612192040333083,1.8575545574737005,-0.2713196759588552,0.30303030303030304
2023-01-31,4.7,4.8,4.68,4.21,3.9,3.63,3.59,3.52,3.0019827964595267,1.7987640313674138,-0.45821937542580155,0.30303030303030304
2023-02-01,4.66,4.79,4.66,4.09,3.75,3.48,3.43,3.39,2.919520014947515,1.8642583410505529,-0.7655792470560729,0.30303030303030304
2023-02-02,4.66,4.76,4.64,4.09,3.75,3.49,3.44,3.4,2.972979135095153,1.8010308683185532,-0.834257128512351,0.30303030303030304
2023-02-03,4.7,4.82,4.79,4.3,3.96,3.67,3.61,3.53,2.9167720542744116,1.9392154661672398,-0.28152556829838216,0.30303030303030304
2023-02-06,4.71,4.89,4.85,4.44,4.1,3.81,3.73,3.63,2.8173770593366636,2.062316815235698,0.30815931220157566,0.30303030303030304
2023-02-07,4.71,4.89,4.88,4.47,4.11,3.85,3.78,3.67,2.9154838852282046,1.9784957093939441,0.2227046855542033,0.30303030303030304
2023-02-08,4.72,4.88,4.87,4.45,4.08,3.82,3.75,3.63,2.885918800374891,2.010920443775485,0.1587286716110905,0.30303030303030304
2023-02-09,4.77,4.9,4.88,4.48,4.15,3.87,3.79,3.67,2.88996277364309,2.029908481241324,0.27216452612955133,0.30303030303030304
2023-02-10,4.79,4.89,4.89,4.5,4.19,3.93,3.86,3.74,3.0462809619304814,1.8826030912427631,0.15910169977494593,0.30303030303030304
2023-02-13,4.81,4.99,4.91,4.52,4.22,3.93,3.84,3.72,2.821280105933538,2.125039844416349,0.5737466939594998,0.30303030303030304
2023-02-14,4.8,4.98,4.99,4.6,4.32,4.0,3.9,3.77,2.7927254735144147,2.178257099402854,0.8075995724520726,0.30303030303030304
2023-02-15,4.79,4.97,4.96,4.62,4.35,4.04,3.94,3.81,2.8200549847406817,2.1271731929363527,0.9225970491072559,0.30303030303030304
2023-02-16,4.84,4.98,4.99,4.62,4.35,4.06,3.98,3.86,3.034424298785651,1.9566694072475603,0.5379593307244546,0.30303030303030304
2023-02-17,4.84,4.99,5.0,4.6,4.33,4.03,3.95,3.82,2.961411353270144,2.0339184433629653,0.5681748278704455,0.30303030303030304
2023-02-21,4.86,5.07,5.07,4.67,4.44,4.16,4.08,3.95,3.041616897055991,1.9810564771062833,0.81706906655526,0.30303030303030304
2023-02-22,4.84,5.08,5.07,4.66,4.43,4.13,4.07,3.93,2.9883140759373084,2.025072626170057,0.8809345060835673,0.30303030303030304
2023-02-23,4.84,5.05,5.03,4.66,4.4,4.09,4.02,3.88,2.9192518030367394,2.0849200995750516,0.8738450308367323,0.30303030303030304
2023-02-24,4.86,5.06,5.05,4.78,4.52,4.19,4.1,3.95,2.8574877941987262,2.1635042080167777,1.268803240152209,0.30303030303030304
2023-02-27,4.89,5.18,5.03,4.78,4.49,4.17,4.08,3.92,2.688104588017037,2.3442563857483316,1.5333655430620658,0.30303030303030304
2023-02-28,4.88,5.17,5.02,4.81,4.51,4.18,4.07,3.92,2.6264377709786557,2.3989761576684416,1.6743967293523967,0.30303030303030304
2023-03-01,4.9,5.2,5.06,4.89,4.61,4.27,4.17,4.01,2.6744656566390104,2.373387459227971,1.871460844517029,0.30303030303030304
2023-03-02,4.91,5.18,5.04,4.89,4.63,4.32,4.24,4.08,2.8628455832563233,2.174779025317817,1.707047026252914,0.30303030303030304
2023-03-03,4.91,5.18,5.03,4.86,4.6,4.26,4.15,3.97,2.6014787467047844,2.4295332149750815,1.9560134100050564,0.30303030303030304
2023-03-06,4.93,5.22,5.05,4.89,4.61,4.27,4.16,3.98,2.5828565445354212,2.4730859521814903,1.9972341363496824,0.30303030303030304
2023-03-07,5.04,5.32,5.22,5.0,4.66,4.31,4.17,3.97,2.5041281308775774,2.7011283687305885,1.9825901571494318,0.30303030303030304
2023-03-08,5.06,5.34,5.25,5.05,4.71,4.34,4.19,3.98,2.431898019569892,2.796978456499056,2.17042887730191,0.30303030303030304
2023-03-09,5.05,5.32,5.18,4.9,4.56,4.22,4.1,3.93,2.6211860801056988,2.57957715444992,1.522730628702653,0.30303030303030304
2023-03-10,5.01,5.17,4.9,4.6,4.31,3.96,3.86,3.7,2.5581392603455546,2.4910790654271517,1.0254159796126074,0.30303030303030304
2023-03-13,4.87,4.81,4.3,4.03,3.88,3.68,3.65,3.55,3.11597480739679,1.5562706960844643,-0.36840348332026185,0.30303030303030304
2023-03-14,4.88,4.93,4.45,4.2,4.05,3.78,3.74,3.64,2.9393546390151215,1.8088142468982245,0.2460706047320187,0.30303030303030304
2023-03-15,4.75,4.73,4.19,3.93,3.83,3.59,3.57,3.51,3.0542525445830746,1.5001189494427334,-0.2859386230629186,0.30303030303030304
2023-03-16,4.74,4.94,4.49,4.14,3.99,3.72,3.67,3.56,2.6855110747503614,1.9980375324150468,0.6272261863407756,0.30303030303030304
2023-03-17,4.52,4.71,4.26,3.81,3.68,3.44,3.45,3.39,2.8628341261863994,1.6037654065777915,-0.2009056315205806,0.30303030303030304
2023-03-20,4.81,4.8,4.34,3.92,3.77,3.56,3.55,3.47,3.1268002392076077,1.5379092541319928,-0.7166706027814009,0.30303030303030304
2023-03-21,4.78,4.96,4.68,4.17,3.98,3.73,3.68,3.59,2.915905548348138,1.8893303878153296,0.020828753520507393,0.30303030303030304
2023-03-22,4.79,4.95,4.56,3.96,3.76,3.54,3.53,3.48,3.0786226811028548,1.69194721020573,-0.7795717615497755,0.30303030303030304
2023-03-23,4.73,4.8,4.38,3.76,3.57,3.39,3.39,3.38,3.253464732852499,1.4072930861267374,-1.4473438873764806,0.30303030303030304
2023-03-24,4.74,4.76,4.32,3.76,3.58,3.41,3.4,3.38,3.251697197006564,1.3815416810367294,-1.380389263910758,0.30303030303030304
2023-03-27,4.91,4.86,4.51,3.94,3.79,3.59,3.57,3.53,3.3904381946356446,1.4138852698927873,-1.3380845057984023,0.30303030303030304
2023-03-28,4.8,4.9,4.55,4.02,3.84,3.63,3.6,3.55,3.1571736041505085,1.6058241695156665,-0.6778001758065122,0.30303030303030304
2023-03-29,4.8,4.92,4.59,4.08,3.87,3.67,3.62,3.57,3.1173834198780064,1.667659521654529,-0.5390166619925267,0.30303030303030304
2023-03-30,4.97,4.92,4.63,4.1,3.87,3.66,3.61,3.55,3.2853191707188083,1.6214837264794353,-1.12485146493008,0.30303030303030304
2023-03-31,4.85,4.94,4.64,4.06,3.81,3.6,3.55,3.48,3.052081267696564,1.7937530136255337,-0.7652253492132466,0.30303030303030304
2023-04-03,4.9,4.88,4.6,3.97,3.73,3.52,3.48,3.43,3.222942335580062,1.6383525179082665,-1.379001521183768,0.30303030303030304
2023-04-04,4.88,4.8,4.5,3.84,3.6,3.39,3.38,3.35,3.3393777099666004,1.474888774437522,-1.9091851028524367,0.30303030303030304
2023-04-05,4.86,4.82,4.43,3.79,3.55,3.36,3.34,3.3,3.203493245748944,1.562760539643438,-1.700378909085494,0.30303030303030304
2023-04-06,4.91,4.93,4.51,3.82,3.59,3.37,3.34,3.3,3.078180600808662,1.7509714497553739,-1.5024886867371183,0.30303030303030304
2023-04-07,4.95,4.95,4.61,3.97,3.72,3.49,3.45,3.39,3.105736981977561,1.7912332404138134,-1.2938285992069232,0.30303030303030304
2023-04-10,5.08,4.98,4.65,4.0,3.75,3.52,3.47,3.41,3.2271720462918685,1.761688302273452,-1.6060859508628356,0.30303030303030304
2023-04-11,5.04,4.99,4.67,4.03,3.76,3.54,3.48,3.43,3.1973234419513656,1.781846909139154,-1.4700870890149453,0.30303030303030304
2023-04-12,5.02,4.98,4.64,3.95,3.68,3.46,3.43,3.41,3.318672666182833,1.644935076749837,-1.8595091831366766,0.30303030303030304
2023-04-13,5.1,4.95,4.66,3.96,3.7,3.51,3.48,3.45,3.5270764330005915,1.4846052829878484,-2.2229280025555096,0.30303030303030304
2023-04-14,5.14,5.03,4.77,4.08,3.83,3.6,3.56,3.52,3.442916989827674,1.6376297259135884,-1.855927731249869,0.30303030303030304
2023-04-17,5.21,5.07,4.8,4.18,3.92,3.69,3.64,3.6,3.501974066831187,1.6320183029709079,-1.7665753821321815,0.30303030303030304
2023-04-18,5.2,5.09,4.81,4.19,3.92,3.69,3.63,3.58,3.4014395375630415,1.7308528894920208,-1.5915001877890196,0.30303030303030304
2023-04-19,5.16,5.1,4.84,4.24,3.97,3.71,3.66,3.6,3.315275293139948,1.8088387084152588,-1.3077319811367332,0.30303030303030304
2023-04-20,5.12,5.06,4.77,4.14,3.87,3.63,3.59,3.54,3.3389280165386177,1.7330392433184283,-1.5278079287825406,0.30303030303030304
2023-04-21,5.14,5.07,4.78,4.17,3.89,3.66,3.62,3.57,3.3883717928153034,1.7005830786563034,-1.553825949366867,0.30303030303030304
2023-04-24,5.2,5.06,4.76,4.12,3.84,3.6,3.56,3.52,3.4392760380874656,1.6796028049737677,-1.899810077541473,0.30303030303030304
2023-04-25,5.12,4.98,4.6,3.86,3.62,3.43,3.42,3.4,3.53531669439252,1.4600577439876996,-2.425948754858577,0.30303030303030304
2023-04-26,5.16,5.0,4.64,3.9,3.65,3.46,3.45,3.43,3.5940706880801496,1.444447906601036,-2.507395184453337,0.30303030303030304
2023-04-27,5.18,5.05,4.78,4.07,3.82,3.6,3.57,3.53,3.5243563811265797,1.583608917878834,-2.043594455700717,0.30303030303030304
2023-04-28,5.1,5.06,4.8,4.04,3.75,3.51,3.49,3.44,3.332120739942999,1.7514385238247212,-1.900447502669828,0.30303030303030304
2023-05-01,5.27,5.14,4.86,4.14,3.85,3.64,3.62,3.59,3.653239023664234,1.5531050796270514,-2.2744502257050625,0.30303030303030304
2023-05-02,5.24,5.06,4.74,3.97,3.67,3.46,3.44,3.44,3.640684000090287,1.5063859384280311,-2.7521423756372636,0.30303030303030304
2023-05-03,5.26,5.08,4.7,3.89,3.58,3.37,3.37,3.38,3.6604127452580726,1.4875758346438646,-3.041304490149425,0.30303030303030304
2023-05-04,5.26,5.04,4.59,3.75,3.47,3.29,3.32,3.37,3.894833182155558,1.204374253477547,-3.614764126730696,0.30303030303030304
2023-05-05,5.26,5.13,4.73,3.92,3.63,3.41,3.41,3.44,3.678504173970651,1.4807977686487273,-2.9169355732562057,0.30303030303030304
2023-05-08,5.31,5.14,4.79,4.0,3.7,3.49,3.5,3.52,3.826919370706285,1.3878064451688479,-3.0237175349495784,0.30303030303030304
2023-05-09,5.29,5.18,4.81,4.01,3.67,3.51,3.51,3.53,3.8231295819775912,1.392536583198645,-2.9817502517151597,0.30303030303030304
2023-05-10,5.24,5.13,4.7,3.9,3.55,3.37,3.4,3.43,3.7791402500024547,1.3697755692744062,-3.1859494149488747,0.30303030303030304
2023-05-11,5.2,5.14,4.7,3.89,3.56,3.36,3.37,3.39,3.579585201327462,1.5393601694203043,-2.816572037937986,0.30303030303030304
2023-05-12,5.25,5.16,4.75,3.98,3.65,3.45,3.45,3.46,3.6274551143413163,1.5385537114039223,-2.711970339827902,0.30303030303030304
2023-05-15,5.21,5.24,4.73,3.99,3.67,3.46,3.48,3.5,3.546431567827305,1.5873023556414285,-2.378374931006586,0.30303030303030304
2023-05-16,5.23,5.26,4.88,4.06,3.74,3.52,3.53,3.54,3.584246770172684,1.6265835792706727,-2.4009360879307864,0.30303030303030304
2023-05-17,5.26,5.3,4.92,4.12,3.8,3.58,3.58,3.57,3.5287962003653726,1.711386140727258,-2.170667677795754,0.30303030303030304
2023-05-18,5.31,5.38,5.02,4.24,3.94,3.69,3.67,3.65,3.4491648595287736,1.85630755751891,-1.7663587135021768,0.30303030303030304
2023-05-19,5.29,5.36,5.02,4.28,3.98,3.76,3.74,3.7,3.489636167104194,1.7967152467569325,-1.6184068351601208,0.30303030303030304
2023-05-22,5.4,5.43,5.07,4.29,3.98,3.77,3.74,3.72,3.6041965739286237,1.7717916857638814,-1.950093045265824,0.30303030303030304
2023-05-23,5.34,5.39,5.06,4.26,3.99,3.76,3.73,3.7,3.517985315123796,1.8094237067129866,-1.7450923867598953,0.30303030303030304
2023-05-24,5.37,5.42,5.12,4.31,4.04,3.75,3.76,3.73,3.566106868805877,1.8151158937491485,-1.8395424657427664,0.30303030303030304
2023-05-25,5.38,5.46,5.24,4.5,4.21,3.9,3.86,3.83,3.459792358617261,1.9808796342966395,-1.2985984320198165,0.30303030303030304
2023-05-26,5.34,5.44,5.25,4.54,4.23,3.92,3.86,3.8,3.2911391018035006,2.128855880675953,-0.9424649863636727,0.30303030303030304
2023-05-30,5.55,5.52,5.22,4.46,4.1,3.81,3.75,3.69,3.3806876829277894,2.159436011954433,-1.6953258222773104,0.30303030303030304
2023-05-31,5.52,5.46,5.18,4.4,4.04,3.74,3.69,3.64,3.4085196869245316,2.1020344971386336,-1.91725750723088,0.30303030303030304
2023-06-01,5.5,5.44,5.11,4.33,3.98,3.7,3.66,3.61,3.4238967448197632,2.04059331405623,-2.002135930698661,0.30303030303030304
2023-06-02,5.5,5.5,5.22,4.5,4.13,3.84,3.78,3.69,3.2718221830953698,2.2362130648517673,-1.3609138938678809,0.30303030303030304
2023-06-05,5.46,5.46,5.17,4.46,4.1,3.82,3.77,3.69,3.3236358005588693,2.1385238630089125,-1.436456678854714,0.30303030303030304
2023-06-06,5.44,5.44,5.2,4.51,4.15,3.85,3.78,3.7,3.252719210112228,2.2114263071352487,-1.2333818428031869,0.30303030303030304
2023-06-07,5.42,5.43,5.16,4.56,4.21,3.93,3.88,3.79,3.342939848344237,2.085234262849797,-1.0582528298282632,0.30303030303030304
2023-06-08,5.38,5.39,5.12,4.52,4.17,3.87,3.8,3.73,3.2427651354753615,2.149484753875372,-1.0231487982355905,0.30303030303030304
2023-06-09,5.37,5.39,5.17,4.59,4.23,3.92,3.84,3.75,3.1717675199077298,2.2356185085218674,-0.7752638435513687,0.30303030303030304
2023-06-12,5.4,5.38,5.18,4.55,4.16,3.89,3.82,3.73,3.315647652654151,2.1193722629660994,-1.2113042600617547,0.30303030303030304
2023-06-13,5.36,5.36,5.26,4.67,4.3,4.01,3.94,3.84,3.3461209414814967,2.0951482066066527,-0.8761562007483807,0.30303030303030304
2023-06-14,5.36,5.36,5.27,4.74,4.37,4.06,3.95,3.83,3.1414452680977365,2.298177211405192,-0.3964606469346119,0.30303030303030304
2023-06-15,5.33,5.33,5.21,4.62,4.23,3.91,3.82,3.72,3.1313869270420183,2.27838662839514,-0.774025635320591,0.30303030303030304
2023-06-16,5.34,5.35,5.24,4.7,4.32,3.99,3.88,3.77,3.062072518404435,2.360047050893505,-0.42846658148941086,0.30303030303030304
2023-06-20,5.39,5.41,5.24,4.68,4.29,3.96,3.85,3.74,3.021317563613275,2.4319503584144977,-0.4884486382993172,0.30303030303030304
2023-06-21,5.4,5.41,5.25,4.68,4.29,3.95,3.84,3.72,2.984705170539055,2.4783724045618607,-0.4741790438826814,0.30303030303030304
2023-06-22,5.4,5.41,5.29,4.77,4.37,4.03,3.92,3.8,3.0496505771221303,2.4325928293992294,-0.35891826762106943,0.30303030303030304
2023-06-23,5.41,5.41,5.25,4.71,4.32,3.99,3.88,3.74,2.97849421506571,2.4850741626488984,-0.35527404112819955,0.30303030303030304
2023-06-26,5.5,5.45,5.27,4.65,4.3,3.96,3.85,3.72,3.0504809334893794,2.467033696111919,-0.671800731980437,0.30303030303030304
2023-06-27,5.44,5.46,5.33,4.74,4.38,4.02,3.9,3.77,2.9572993836428347,2.554901171454871,-0.27608441981338205,0.30303030303030304
2023-06-28,5.44,5.47,5.32,4.71,4.32,3.97,3.83,3.71,2.8812900838776145,2.633912567385447,-0.33372035483580564,0.30303030303030304
2023-06-29,5.46,5.5,5.41,4.87,4.49,4.14,3.99,3.85,2.9208054813075837,2.6361309271324482,0.06284035510793073,0.30303030303030304
2023-06-30,5.43,5.47,5.4,4.87,4.49,4.13,3.97,3.81,2.800070272087961,2.732157496018538,0.2617530434356532,0.30303030303030304
2023-07-03,5.44,5.53,5.43,4.94,4.56,4.19,4.03,3.86,2.732120094929494,2.816434735526489,0.5845924065186553,0.30303030303030304
2023-07-05,5.44,5.52,5.4,4.94,4.59,4.25,4.11,3.95,2.926891919934846,2.5998306508254707,0.4759922689604895,0.30303030303030304
2023-07-06,5.46,5.54,5.44,4.99,4.68,4.37,4.22,4.05,3.0198178662942157,2.5182578373496587,0.6363572325831556,0.30303030303030304
2023-07-07,5.46,5.53,5.41,4.94,4.64,4.35,4.23,4.06,3.1506937927165533,2.372446024481477,0.3842564918146083,0.30303030303030304
2023-07-10,5.48,5.54,5.38,4.85,4.54,4.25,4.14,4.01,3.239239443068798,2.294208897460227,-0.0794827877218256,0.30303030303030304
2023-07-11,5.49,5.55,5.44,4.88,4.52,4.24,4.13,3.99,3.244148640370771,2.3327134310709643,-0.2073943131846827,0.30303030303030304
2023-07-12,5.47,5.53,5.35,4.72,4.36,4.07,3.97,3.86,3.204155484193315,2.3309366596687138,-0.5835817758094766,0.30303030303030304
2023-07-13,5.47,5.49,5.27,4.59,4.21,3.93,3.85,3.76,3.276035232777648,2.2355706930821246,-1.1147892175488194,0.30303030303030304
2023-07-14,5.49,5.52,5.34,4.74,4.35,4.04,3.94,3.83,3.1709959661571006,2.381510936684694,-0.6406434235770581,0.30303030303030304
2023-07-17,5.49,5.52,5.33,4.74,4.34,4.02,3.91,3.81,3.126302099395447,2.4264173675639595,-0.6245314855694086,0.30303030303030304
2023-07-18,5.49,5.51,5.32,4.74,4.35,4.0,3.9,3.8,3.1017410243287684,2.4481752653221402,-0.6058007975449242,0.30303030303030304
2023-07-19,5.49,5.51,5.32,4.74,4.34,3.98,3.87,3.75,2.974004186763193,2.575440700597444,-0.4605586918497704,0.30303030303030304
2023-07-20,5.49,5.52,5.35,4.8,4.43,4.08,3.98,3.85,3.0667489809826423,2.484640309129933,-0.29933927930778226,0.30303030303030304
2023-07-21,5.5,5.53,5.35,4.82,4.44,4.09,3.97,3.84,2.9979991540254467,2.5595876619177265,-0.17947030404826347,0.30303030303030304
2023-07-24,5.51,5.55,5.38,4.81,4.48,4.13,4.0,3.86,2.973570350385721,2.5869818649814604,-0.03210524619977129,0.30303030303030304
2023-07-25,5.51,5.57,5.38,4.85,4.53,4.15,4.05,3.91,3.005592189448274,2.5570670036903693,0.05570874353049393,0.30303030303030304
2023-07-26,5.51,5.55,5.37,4.82,4.47,4.09,3.99,3.86,3.0148433845605225,2.554308137846548,-0.17054046581336135,0.30303030303030304
2023-07-27,5.51,5.56,5.4,4.91,4.58,4.24,4.13,4.01,3.1804783890925936,2.3910051219011095,-0.016639095996309416,0.30303030303030304
2023-07-28,5.52,5.54,5.37,4.87,4.52,4.18,4.08,3.96,3.1974205637072983,2.373770283243605,-0.23854253000370074,0.30303030303030304
2023-07-31,5.55,5.53,5.37,4.88,4.51,4.18,4.08,3.97,3.29037179158198,2.304371909941642,-0.4579586471950165,0.30303030303030304
2023-08-01,5.54,5.54,5.38,4.92,4.57,4.24,4.15,4.05,3.373943897398972,2.215621514654412,-0.37301814654916354,0.30303030303030304
2023-08-02,5.53,5.52,5.36,4.88,4.54,4.24,4.17,4.08,3.5380187175622595,2.0350729887787007,-0.6366948734469356,0.30303030303030304
2023-08-03,5.54,5.52,5.37,4.9,4.58,4.3,4.26,4.2,3.8275181038017654,1.75561138760452,-0.932021162887655,0.30303030303030304
2023-08-04,5.54,5.5,5.33,4.78,4.45,4.15,4.1,4.05,3.7015466482812793,1.8721749169190631,-1.1861900499576865,0.30303030303030304
2023-08-07,5.56,5.53,5.3,4.76,4.44,4.16,4.13,4.09,3.8132539584083065,1.7566337528774851,-1.3153114958852223,0.30303030303030304
2023-08-08,5.57,5.53,5.35,4.74,4.36,4.1,4.06,4.02,3.8101465662438208,1.802323724544741,-1.6147733450057127,0.30303030303030304
2023-08-09,5.55,5.54,5.35,4.79,4.41,4.12,4.07,4.0,3.6004093162782222,1.9964753282602947,-1.1425507494432345,0.30303030303030304
2023-08-10,5.54,5.52,5.33,4.82,4.47,4.21,4.17,4.09,3.7249076596443746,1.8440590363929676,-1.04681093696049,0.30303030303030304
2023-08-11,5.54,5.52,5.36,4.89,4.56,4.31,4.26,4.16,3.728932181135133,1.8411980804883765,-0.7660143959533917,0.30303030303030304
2023-08-14,5.56,5.56,5.37,4.96,4.64,4.36,4.29,4.19,3.6063052725473446,1.9767255291104493,-0.39104269559880245,0.30303030303030304
2023-08-15,5.56,5.55,5.36,4.92,4.64,4.36,4.31,4.21,3.6953405567345965,1.8748642209378936,-0.5088579254813856,0.30303030303030304
2023-08-16,5.56,5.54,5.37,4.97,4.68,4.42,4.37,4.28,3.8135614452877302,1.76253788023131,-0.5469109453380585,0.30303030303030304
2023-08-17,5.56,5.53,5.36,4.94,4.67,4.42,4.38,4.3,3.9111744364741847,1.6571271649261041,-0.7032484167433832,0.30303030303030304
2023-08-18,5.55,5.52,5.35,4.92,4.63,4.38,4.34,4.26,3.878921250962046,1.6851255483339516,-0.7701886203620665,0.30303030303030304
2023-08-21,5.57,5.58,5.37,4.97,4.7,4.46,4.42,4.34,3.902682853740257,1.6732638941099727,-0.5537176872549829,0.30303030303030304
2023-08-22,5.57,5.57,5.39,5.02,4.75,4.49,4.44,4.34,3.811291847381169,1.7708620115263427,-0.3180236738532562,0.30303030303030304
2023-08-23,5.57,5.55,5.35,4.95,4.64,4.36,4.3,4.19,3.6275859022702255,1.9488500146125716,-0.4167045105629107,0.30303030303030304
2023-08-24,5.58,5.59,5.39,4.98,4.69,4.39,4.34,4.23,3.6276856070421775,1.969185533099253,-0.3069809762123825,0.30303030303030304
2023-08-25,5.61,5.61,5.44,5.03,4.72,4.44,4.37,4.25,3.6284188694657487,2.007076439502793,-0.26203057826511755,0.30303030303030304
2023-08-28,5.58,5.56,5.44,4.98,4.69,4.38,4.32,4.2,3.6097906162528854,2.009119391967529,-0.37999323591846174,0.30303030303030304
2023-08-29,5.56,5.52,5.37,4.87,4.56,4.26,4.21,4.12,3.669624853321995,1.91919553229306,-0.8159613414495476,0.30303030303030304
2023-08-30,5.56,5.51,5.39,4.9,4.57,4.27,4.22,4.12,3.665200181931301,1.9361071140114936,-0.806887300774643,0.30303030303030304
2023-08-31,5.56,5.48,5.37,4.85,4.54,4.23,4.19,4.09,3.693148211128933,1.897149152498017,-0.9644009099960382,0.30303030303030304
2023-09-01,5.53,5.47,5.36,4.87,4.57,4.29,4.27,4.18,3.8582356247104035,1.707047196885644,-1.0054383540889251,0.30303030303030304
2023-09-05,5.55,5.51,5.42,4.94,4.65,4.37,4.35,4.27,3.9409748060644723,1.6601925388609933,-0.9333018000659673,0.30303030303030304
2023-09-06,5.55,5.52,5.44,5.01,4.73,4.44,4.39,4.3,3.8268865381956805,1.7757468579553615,-0.5391253128521677,0.30303030303030304
2023-09-07,5.53,5.5,5.4,4.94,4.66,4.38,4.35,4.27,3.8918452416200373,1.6850535676170388,-0.7850966659954134,0.30303030303030304
2023-09-08,5.55,5.49,5.42,4.98,4.68,4.39,4.35,4.26,3.8570022068058876,1.744082637863147,-0.7528669263015169,0.30303030303030304
2023-09-11,5.55,5.51,5.4,4.97,4.64,4.4,4.37,4.29,3.9765743723620095,1.6202983057939555,-0.9327793295193062,0.30303030303030304
2023-09-12,5.56,5.53,5.42,4.98,4.66,4.41,4.36,4.27,3.863247049275819,1.7429033751790102,-0.7357479176163971,0.30303030303030304
2023-09-13,5.55,5.51,5.42,4.96,4.64,4.39,4.34,4.25,3.867611497365203,1.7335352778369635,-0.809816543424505,0.30303030303030304
2023-09-14,5.55,5.5,5.42,5.0,4.68,4.42,4.38,4.29,3.9125392465728774,1.6899687473573886,-0.773505784891244,0.30303030303030304
2023-09-15,5.56,5.49,5.43,5.02,4.72,4.45,4.41,4.33,3.9766572922054917,1.6334034944808282,-0.7976443640841417,0.30303030303030304
2023-09-18,5.55,5.51,5.44,5.05,4.74,4.46,4.41,4.32,3.8618763257857833,1.7472099998330342,-0.5557779636247879,0.30303030303030304
2023-09-19,5.54,5.51,5.45,5.08,4.79,4.51,4.47,4.37,3.8941506012257836,1.706649426613102,-0.4255049205580341,0.30303030303030304
2023-09-20,5.56,5.51,5.47,5.12,4.82,4.52,4.46,4.35,3.79431347810402,1.8279986399270438,-0.27457532833568954,0.30303030303030304
2023-09-21,5.57,5.52,5.46,5.12,4.85,4.61,4.57,4.49,4.120922834522915,1.4942088808562084,-0.552578670515077,0.30303030303030304
2023-09-22,5.56,5.52,5.46,5.1,4.8,4.57,4.53,4.44,4.068151682553838,1.5469705812532502,-0.5998726249169449,0.30303030303030304
2023-09-25,5.58,5.52,5.45,5.09,4.83,4.62,4.61,4.55,4.357925956109379,1.2589976005287316,-0.9186602424285442,0.30303030303030304
2023-09-26,5.58,5.53,5.45,5.04,4.84,4.62,4.62,4.56,4.377578522240066,1.2256974174537159,-0.9103999267693903,0.30303030303030304
2023-09-27,5.58,5.53,5.49,5.1,4.89,4.67,4.69,4.61,4.436374250360615,1.1849635969550105,-0.8651796422882846,0.30303030303030304
2023-09-28,5.56,5.53,5.46,5.04,4.83,4.62,4.63,4.59,4.470643752024443,1.1315847353665436,-1.0503254163422717,0.30303030303030304
2023-09-29,5.55,5.53,5.46,5.03,4.8,4.6,4.61,4.59,4.520926257280495,1.083584774854705,-1.2012347002663377,0.30303030303030304
2023-10-02,5.62,5.58,5.49,5.12,4.88,4.72,4.73,4.69,4.63649902538357,1.0142087216206523,-1.1297170350546941,0.30303030303030304
2023-10-03,5.62,5.58,5.49,5.15,4.95,4.8,4.84,4.81,4.845530142864627,0.7967075662363017,-1.1859682384926018,0.30303030303030304
2023-10-04,5.61,5.57,5.42,5.05,4.85,4.72,4.75,4.73,4.794875901001901,0.8103392039011239,-1.3210544635515242,0.30303030303030304
2023-10-05,5.61,5.56,5.39,5.03,4.82,4.68,4.73,4.72,4.844920493185801,0.7545930964538873,-1.488965667298586,0.30303030303030304
2023-10-06,5.63,5.59,5.43,5.08,4.87,4.75,4.79,4.78,4.895245288117301,0.7294049009572776,-1.4153891304930162,0.30303030303030304
2023-10-10,5.61,5.57,5.37,4.96,4.74,4.62,4.66,4.66,4.817788207634441,0.7751991523207133,-1.6472975459460848,0.30303030303030304
2023-10-11,5.61,5.56,5.38,4.99,4.73,4.59,4.61,4.58,4.611192384133205,0.9922654233563275,-1.4271643671654282,0.30303030303030304
2023-10-12,5.63,5.58,5.43,5.06,4.82,4.69,4.73,4.7,4.7882128058134406,0.842998368341334,-1.4397832809605509,0.30303030303030304
2023-10-13,5.62,5.57,5.41,5.04,4.8,4.65,4.66,4.63,4.612193550766295,1.0043258693084125,-1.2607263640524535,0.30303030303030304
2023-10-16,5.61,5.58,5.42,5.09,4.87,4.72,4.74,4.71,4.671430832101705,0.9379356096965324,-1.1020092585929326,0.30303030303030304
2023-10-17,5.62,5.6,5.48,5.19,5.01,4.86,4.88,4.83,4.7216056749735,0.9039902415416069,-0.7701502007580481,0.30303030303030304
2023-10-18,5.61,5.58,5.47,5.19,5.03,4.92,4.95,4.91,4.912185061780583,0.6958532277261036,-0.9061126607035339,0.30303030303030304
2023-10-19,5.6,5.56,5.44,5.14,5.01,4.95,5.0,4.98,5.161372364872263,0.4197295901490371,-1.2179931125530634,0.30303030303030304
2023-10-20,5.58,5.54,5.41,5.07,4.93,4.86,4.93,4.93,5.203719431556258,0.36307900370562934,-1.5178118714579418,0.30303030303030304
2023-10-23,5.58,5.56,5.42,5.05,4.89,4.81,4.87,4.86,5.06549332026264,0.5099989768453991,-1.4518353305181249,0.30303030303030304
2023-10-24,5.58,5.57,5.41,5.02,4.91,4.82,4.86,4.83,4.91754402223109,0.6358855457016995,-1.151600690601133,0.30303030303030304
2023-10-25,5.59,5.57,5.43,5.08,4.98,4.89,4.98,4.95,5.156632720958097,0.41212571042560187,-1.302885988239721,0.30303030303030304
2023-10-26,5.59,5.55,5.39,5.02,4.89,4.79,4.86,4.86,5.096004718179556,0.46904566292175415,-1.5249175811221618,0.30303030303030304
2023-10-27,5.59,5.55,5.39,4.99,4.84,4.76,4.83,4.84,5.1427943603161905,0.42787336269230736,-1.726997875173021,0.30303030303030304
2023-10-30,5.6,5.53,5.41,5.03,4.87,4.8,4.88,4.88,5.237619761054349,0.34828170481527426,-1.8037719551258349,0.30303030303030304
2023-10-31,5.59,5.54,5.44,5.07,4.9,4.82,4.89,4.88,5.154196533043973,0.4398819004069522,-1.6078236225792772,0.30303030303030304
2023-11-01,5.57,5.51,5.37,4.95,4.76,4.67,4.75,4.77,5.144926386486173,0.4214096476201719,-2.000573695712551,0.30303030303030304
2023-11-02,5.54,5.5,5.38,4.98,4.78,4.65,4.68,4.67,4.773162630279404,0.7775779969317934,-1.4307381705869444,0.30303030303030304
2023-11-03,5.53,5.45,5.29,4.83,4.62,4.49,4.55,4.57,4.877522997825538,0.6409825042957967,-2.0442701951868845,0.30303030303030304
2023-11-06,5.56,5.47,5.33,4.93,4.72,4.6,4.66,4.67,4.960439654873046,0.5884065713094265,-1.8946863927160151,0.30303030303030304
2023-11-07,5.55,5.47,5.33,4.91,4.64,4.53,4.58,4.58,4.847620291576082,0.7086283266085377,-1.9576593446401658,0.30303030303030304
2023-11-08,5.54,5.46,5.34,4.93,4.65,4.51,4.54,4.49,4.564350591813745,0.9861202255908005,-1.5451529222143778,0.30303030303030304
2023-11-09,5.54,5.46,5.39,5.03,4.77,4.65,4.68,4.62,4.686523066735289,0.8751156714699216,-1.349086055784098,0.30303030303030304
2023-11-10,5.53,5.46,5.38,5.04,4.8,4.65,4.68,4.61,4.585685109372349,0.9615236040823023,-1.122432017972581,0.30303030303030304
2023-11-13,5.55,5.48,5.37,5.02,4.8,4.66,4.69,4.63,4.63716760133761,0.9122121942479984,-1.1842365250134848,0.30303030303030304
2023-11-14,5.52,5.41,5.24,4.8,4.56,4.42,4.45,4.44,4.628877129894681,0.8638148186261823,-1.8531464982508947,0.30303030303030304
2023-11-15,5.53,5.41,5.27,4.9,4.68,4.52,4.56,4.53,4.655501327119165,0.8487606735611549,-1.57552629472808,0.30303030303030304
2023-11-16,5.51,5.38,5.23,4.83,4.59,4.43,4.47,4.45,4.622596025735881,0.8610494451791914,-1.7784900717791092,0.30303030303030304
2023-11-17,5.5,5.39,5.24,4.88,4.64,4.45,4.47,4.44,4.455754518053276,1.0253483936717454,-1.411149507485602,0.30303030303030304
2023-11-20,5.54,5.43,5.25,4.89,4.62,4.44,4.46,4.42,4.431035115427912,1.0823258119640973,-1.4566268694953104,0.30303030303030304
2023-11-21,5.53,5.42,5.24,4.86,4.6,4.41,4.44,4.41,4.458111757506453,1.0467175895461847,-1.563026784947431,0.30303030303030304
2023-11-22,5.54,5.42,5.26,4.89,4.62,4.44,4.46,4.42,4.450806642645637,1.067333675952673,-1.5066269550307745,0.30303030303030304
2023-11-24,5.54,5.45,5.27,4.92,4.67,4.49,4.51,4.47,4.449284302454269,1.0666954238441348,-1.3215132528391904,0.30303030303030304
2023-11-27,5.49,5.45,5.24,4.84,4.6,4.38,4.43,4.39,4.340014206825218,1.139361597865256,-1.3335374825539204,0.30303030303030304
2023-11-28,5.47,5.42,5.21,4.73,4.49,4.29,4.36,4.34,4.457921921835754,1.0019652574531674,-1.7941523013408147,0.30303030303030304
2023-11-29,5.45,5.38,5.12,4.64,4.4,4.22,4.28,4.27,4.42907273920014,0.9791481651291329,-1.921110460855019,0.30303030303030304
2023-11-30,5.45,5.38,5.16,4.73,4.48,4.31,4.38,4.37,4.553846409542536,0.8732600913413995,-1.8731076901475576,0.30303030303030304
2023-12-01,5.43,5.33,5.05,4.56,4.31,4.14,4.22,4.22,4.50242366616457,0.8698462303127487,-2.2426300930461216,0.30303030303030304
2023-12-04,5.46,5.41,5.1,4.64,4.4,4.23,4.3,4.28,4.418032265574315,0.9842201129330765,-1.8427474184672872,0.30303030303030304
2023-12-05,5.45,5.37,5.06,4.57,4.33,4.14,4.2,4.18,4.312941802169482,1.0688567090235608,-1.9313306172317117,0.30303030303030304
2023-12-06,5.45,5.38,5.07,4.6,4.33,4.12,4.16,4.12,4.1173332665529925,1.2735492733748406,-1.6794578349913698,0.30303030303030304
2023-12-07,5.44,5.36,5.05,4.58,4.31,4.11,4.16,4.14,4.228648577058828,1.1512874269723488,-1.8802214885234723,0.30303030303030304
2023-12-08,5.44,5.39,5.13,4.71,4.45,4.24,4.28,4.23,4.166965328470759,1.2385330650104711,-1.3993623453948678,0.30303030303030304
2023-12-11,5.47,5.4,5.14,4.71,4.42,4.25,4.27,4.23,4.230707823588159,1.200293486715971,-1.5829541097838935,0.30303030303030304
2023-12-12,5.46,5.41,5.14,4.73,4.42,4.23,4.24,4.2,4.1141924903791125,1.3173343242168127,-1.4276760062855756,0.30303030303030304
2023-12-13,5.44,5.33,4.94,4.46,4.18,4.0,4.04,4.04,4.202956830250797,1.1327540857960192,-2.1487300212747398,0.30303030303030304
2023-12-14,5.43,5.31,4.9,4.37,4.09,3.9,3.93,3.92,4.0551917513205815,1.2572017901202517,-2.1943812662213382,0.30303030303030304
2023-12-15,5.44,5.33,4.95,4.44,4.13,3.91,3.94,3.91,3.9488355436808136,1.3986780440565667,-2.0088571063967184,0.30303030303030304
2023-12-18,5.46,5.36,4.95,4.43,4.15,3.94,3.97,3.95,4.006738787732991,1.3443637220326874,-2.015138383790198,0.30303030303030304
2023-12-19,5.43,5.35,4.93,4.41,4.15,3.94,3.96,3.93,3.913480658377751,1.4034481219448163,-1.809853589846021,0.30303030303030304
2023-12-20,5.44,5.33,4.88,4.34,4.06,3.86,3.88,3.86,3.921867159089315,1.3859597876310548,-2.0837241791723584,0.30303030303030304
2023-12-21,5.42,5.31,4.84,4.33,4.06,3.87,3.91,3.89,3.9979370008647823,1.2783301606275983,-2.1141131090978096,0.30303030303030304
2023-12-22,5.44,5.31,4.82,4.31,4.04,3.87,3.92,3.9,4.083653840425719,1.1940652992973022,-2.276355066461923,0.30303030303030304
2023-12-26,5.45,5.28,4.83,4.26,4.05,3.89,3.91,3.89,4.086861088531799,1.1825380849510814,-2.285014110489109,0.30303030303030304
2023-12-27,5.44,5.26,4.79,4.2,3.97,3.78,3.81,3.79,3.987641332464468,1.269154484431122,-2.410969762355268,0.30303030303030304
2023-12-28,5.45,5.28,4.82,4.26,4.02,3.83,3.84,3.84,4.004950232257874,1.2742673946182455,-2.3241921086713546,0.30303030303030304
2023-12-29,5.4,5.26,4.79,4.23,4.01,3.84,3.88,3.88,4.108636708562701,1.123546450478921,-2.366280548227509,0.30303030303030304
2024-01-02,5.46,5.24,4.8,4.33,4.09,3.93,3.95,3.95,4.206716885738466,1.0657794462517876,-2.3743479295803054,0.30303030303030304
2024-01-03,5.48,5.25,4.81,4.33,4.07,3.9,3.92,3.91,4.1516691876281335,1.1417927196508988,-2.407025484089281,0.30303030303030304
2024-01-04,5.48,5.25,4.85,4.38,4.14,3.97,3.99,3.99,4.250010651521318,1.056951912782226,-2.3734684525242296,0.30303030303030304
2024-01-05,5.47,5.24,4.84,4.4,4.17,4.02,4.04,4.05,4.344500735412641,0.9484836845959144,-2.3668057735719272,0.30303030303030304
2024-01-08,5.49,5.24,4.82,4.36,4.11,3.97,3.99,4.01,4.372472891536125,0.9299638621314159,-2.602510587956338,0.30303030303030304
2024-01-09,5.47,5.24,4.82,4.36,4.09,3.97,4.0,4.02,4.416503037706791,0.878385291535904,-2.6631022301452942,0.30303030303030304
2024-01-10,5.46,5.23,4.82,4.37,4.1,3.99,4.01,4.04,4.443516140296554,0.8452445859905061,-2.654677399906823,0.30303030303030304
2024-01-11,5.46,5.22,4.75,4.26,4.02,3.9,3.95,3.98,4.458921981749126,0.7958018354011138,-2.8724630240322075,0.30303030303030304
2024-01-12,5.45,5.16,4.65,4.14,3.92,3.84,3.91,3.96,4.6478822684407675,0.5539857078008623,-3.3357341819942805,0.30303030303030304
2024-01-16,5.45,5.18,4.7,4.22,4.02,3.95,4.01,4.07,4.731720903959266,0.48516489391173834,-3.1599561759801933,0.30303030303030304
2024-01-17,5.47,5.2,4.8,4.34,4.12,4.02,4.07,4.1,4.639207907314674,0.6350742951892964,-2.868353004298309,0.30303030303030304
2024-01-18,5.45,5.2,4.8,4.34,4.13,4.04,4.1,4.14,4.713198242750688,0.5481615746650975,-2.8957124391930997,0.30303030303030304
2024-01-19,5.45,5.21,4.84,4.39,4.18,4.08,4.12,4.15,4.627014702698817,0.6490682218133726,-2.6597203866387265,0.30303030303030304
2024-01-22,5.46,5.22,4.83,4.37,4.14,4.03,4.07,4.11,4.5962740274253004,0.6897278387077928,-2.765886849994786,0.30303030303030304
2024-01-23,5.45,5.21,4.81,4.31,4.16,4.06,4.11,4.14,4.6505512997490515,0.5977979418914061,-2.712351821925389,0.30303030303030304
2024-01-24,5.44,5.22,4.83,4.34,4.19,4.06,4.14,4.18,4.712436471878698,0.5463093068690613,-2.755656521225709,0.30303030303030304
2024-01-25,5.44,5.19,4.76,4.28,4.12,4.01,4.07,4.14,4.738866819873169,0.4935851000380934,-2.960779622167584,0.30303030303030304
2024-01-26,5.44,5.19,4.78,4.34,4.15,4.04,4.1,4.15,4.698900876038685,0.5462023814476068,-2.821202850902353,0.30303030303030304
2024-01-29,5.42,5.19,4.76,4.29,4.1,3.97,4.02,4.08,4.580366585053852,0.6482062769671358,-2.7972178361497604,0.30303030303030304
2024-01-30,5.42,5.19,4.8,4.36,4.14,4.0,4.03,4.06,4.433824495184794,0.8140033809265552,-2.507967296994733,0.30303030303030304
2024-01-31,5.42,5.18,4.73,4.27,4.05,3.91,3.95,3.99,4.420015083311028,0.8004710447761649,-2.713018334708624,0.30303030303030304
2024-02-01,5.42,5.15,4.68,4.2,3.96,3.8,3.83,3.87,4.290307906843359,0.9162910599614137,-2.82855745081568,0.30303030303030304
2024-02-02,5.43,5.22,4.81,4.36,4.14,3.99,4.02,4.03,4.326703424875144,0.9286061723716056,-2.353971148617007,0.30303030303030304
2024-02-05,5.42,5.25,4.87,4.46,4.27,4.13,4.16,4.17,4.415399162132483,0.8494332018761839,-2.0634222914686458,0.30303030303030304
2024-02-06,5.44,5.23,4.82,4.39,4.14,4.03,4.07,4.09,4.486976314303357,0.7841881207784469,-2.5430176370305064,0.30303030303030304
2024-02-07,5.43,5.23,4.83,4.41,4.16,4.06,4.09,4.09,4.422761738600098,0.8411837405656651,-2.3513816356180675,0.30303030303030304
2024-02-08,5.44,5.24,4.83,4.46,4.22,4.12,4.15,4.15,4.456623450643919,0.8090998596534488,-2.213662361964723,0.30303030303030304
2024-02-09,5.44,5.26,4.86,4.48,4.25,4.14,4.17,4.17,4.4421686345683264,0.8349038034241697,-2.1254018824567145,0.30303030303030304
2024-02-12,5.43,5.27,4.87,4.46,4.25,4.13,4.16,4.17,4.433485174019771,0.8399928658808595,-2.117647719285812,0.30303030303030304
2024-02-13,5.45,5.32,4.99,4.64,4.44,4.31,4.33,4.31,4.4203791345143,0.907188033003031,-1.6045510379308172,0.30303030303030304
2024-02-14,5.43,5.31,4.94,4.56,4.38,4.25,4.27,4.27,4.412149133473113,0.8807512995833165,-1.715560563078916,0.30303030303030304
2024-02-15,5.43,5.3,4.93,4.56,4.36,4.22,4.25,4.24,4.382684940966817,0.911626513106161,-1.7487087033285764,0.30303030303030304
2024-02-16,5.44,5.31,4.98,4.64,4.43,4.29,4.31,4.3,4.412046146181118,0.910985586665761,-1.63297604687382,0.30303030303030304
2024-02-20,5.44,5.32,4.97,4.59,4.38,4.25,4.28,4.27,4.425082080318299,0.8939765191149668,-1.7706080377281956,0.30303030303030304
