observation_date,DGS3MO,DGS6MO,DGS1,DGS2,DGS3,DGS5,DGS7,DGS10,beta_0,beta_1,beta_2,beta_3,lambda_1,lambda_2
2022-01-03,0.08,0.22,0.4,0.78,1.04,1.37,1.55,1.63,1.9292252876879548,-2.09581961410915,0.8020328645115301,0.9429783925208785,0.47,40
2022-01-04,0.08,0.22,0.38,0.77,1.02,1.37,1.57,1.66,2.0216843958667035,-2.1855232374122777,0.6007009617184057,0.9883622001122653,0.47,40
2022-01-05,0.09,0.22,0.41,0.83,1.1,1.43,1.62,1.71,1.9915030238624967,-2.202512363916052,0.9652125031623424,1.3238289751773586,0.47,40
2022-01-06,0.1,0.23,0.45,0.88,1.15,1.47,1.66,1.73,1.9592236402727665,-2.1681985063495723,1.1911087200631512,1.2750243540881634,0.47,40
2022-01-07,0.1,0.24,0.43,0.87,1.17,1.5,1.69,1.76,2.0040533362852027,-2.2545026479945327,1.2241301280228474,1.6802291265855087,0.47,40
2022-01-10,0.13,0.28,0.46,0.92,1.21,1.53,1.71,1.78,1.991200122069294,-2.207561969905558,1.318977143105608,1.621816517224593,0.47,40
2022-01-11,0.11,0.28,0.46,0.9,1.22,1.51,1.69,1.75,1.9421743712003463,-2.1469947638002105,1.3596901597818798,1.3370696101259738,0.47,40
2022-01-12,0.12,0.27,0.48,0.92,1.21,1.5,1.67,1.74,1.909796655081536,-2.0951453416484194,1.3801955979030198,1.200514337390128,0.47,40
2022-01-13,0.12,0.28,0.47,0.91,1.18,1.47,1.64,1.7,1.8746863928345794,-2.035533342454426,1.3142981845389876,1.042980927883886,0.47,40
2022-01-14,0.13,0.3,0.51,0.99,1.26,1.55,1.72,1.78,1.9153586551324107,-2.0764953920696345,1.5286053190549962,0.9912906077402222,0.47,40
2022-01-18,0.16,0.37,0.58,1.06,1.35,1.65,1.82,1.87,2.0171721487512935,-2.098701921145409,1.5334568747076633,0.5180155882848927,0.47,40
2022-01-19,0.17,0.36,0.57,1.04,1.33,1.62,1.78,1.83,1.9530857200453717,-2.0580143838546556,1.5927844554790536,0.8317239307096088,0.47,40
2022-01-20,0.17,0.36,0.6,1.08,1.34,1.62,1.77,1.83,1.919724339333782,-1.9802998983037197,1.6359416243259184,0.3537627285555995,0.47,40
2022-01-21,0.17,0.35,0.58,1.01,1.28,1.54,1.7,1.75,1.8673888298725267,-1.9089647942063384,1.4526734953693097,0.3086807787397723,0.47,40
2022-01-24,0.19,0.39,0.58,0.99,1.25,1.53,1.69,1.75,1.9408159894110524,-1.9081610570579444,1.122725816934175,-0.007177960603997021,0.47,40
2022-01-25,0.19,0.39,0.65,1.02,1.28,1.56,1.73,1.78,1.9784893766596858,-1.8713749491951646,1.069709275781629,-0.7728019178920514,0.47,40
2022-01-26,0.19,0.4,0.7,1.13,1.39,1.66,1.81,1.85,1.9322529425106079,-1.8616705743938446,1.5881861103144703,-0.7139172959631042,0.47,40
2022-01-27,0.2,0.43,0.75,1.18,1.43,1.66,1.78,1.81,1.796004537174622,-1.6632191251127135,1.8235033425370224,-1.2744940616496372,0.47,40
2022-01-28,0.19,0.43,0.75,1.15,1.38,1.61,1.74,1.78,1.823265833822413,-1.6127308675357845,1.5013904876751996,-1.9634518711292435,0.47,40
2022-01-31,0.22,0.49,0.78,1.18,1.39,1.62,1.75,1.79,1.8602185870385766,-1.5503414613812836,1.322964185243188,-2.4923396364634303,0.47,40
2022-02-01,0.19,0.48,0.78,1.18,1.39,1.63,1.76,1.81,1.9030956400683952,-1.571656755827892,1.234918164464671,-2.974455051382392,0.47,40
2022-02-02,0.19,0.45,0.76,1.16,1.38,1.6,1.74,1.78,1.8419356136247247,-1.5747125857197446,1.3777405556230164,-2.434446145983472,0.47,40
2022-02-03,0.2,0.48,0.78,1.19,1.42,1.66,1.78,1.82,1.872828731607608,-1.5984514257928994,1.459597464100615,-2.42665944933732,0.47,40
2022-02-04,0.23,0.56,0.89,1.31,1.55,1.78,1.9,1.93,1.9578867370839703,-1.5599895023458863,1.5574624744888754,-3.395354306599344,0.47,40
2022-02-07,0.27,0.58,0.88,1.3,1.54,1.76,1.88,1.92,1.954469601398066,-1.5618955147356806,1.50453952777944,-2.901014174481427,0.47,40
2022-02-08,0.25,0.59,0.91,1.35,1.59,1.81,1.93,1.96,1.9692420948639782,-1.5527808106516947,1.629622072126414,-3.404805086187035,0.47,40
2022-02-09,0.26,0.57,0.91,1.36,1.61,1.82,1.92,1.94,1.8686085406019237,-1.5316766623549516,1.975474779694635,-2.708306295994742,0.47,40
2022-02-10,0.4,0.74,1.14,1.61,1.82,1.96,2.03,2.03,1.7950029005113186,-1.209815145397035,2.384319732089856,-3.914964233469746,0.47,40
2022-02-11,0.36,0.71,1.07,1.5,1.71,1.84,1.92,1.92,1.7462806961557704,-1.1502773410331053,2.053464729336846,-4.1713226190850525,0.47,40
2022-02-14,0.43,0.76,1.13,1.58,1.8,1.9,1.98,1.98,1.7467694577225041,-1.1385990301925832,2.2884450557385394,-3.7385904620508033,0.47,40
2022-02-15,0.4,0.72,1.11,1.58,1.8,1.94,2.03,2.05,1.8622666269159311,-1.307445958334395,2.2329182712202815,-3.5902947113921555,0.47,40
2022-02-16,0.38,0.67,1.09,1.52,1.75,1.9,2.0,2.03,1.8860028966140199,-1.357845119479438,2.072890962581054,-3.5073873031373455,0.47,40
2022-02-17,0.36,0.65,1.05,1.49,1.7,1.85,1.94,1.97,1.8135250869702473,-1.3093640429522175,2.076499753734649,-3.4307915315900814,0.47,40
2022-02-18,0.35,0.65,1.03,1.47,1.68,1.82,1.9,1.92,1.7407193252712279,-1.2461771986100798,2.1312686477875666,-3.4008924489902324,0.47,40
2022-02-22,0.37,0.73,1.17,1.56,1.74,1.85,1.93,1.94,1.762169601425284,-1.0046383279255173,1.899130138085912,-5.629989510667112,0.47,40
2022-02-23,0.34,0.74,1.16,1.58,1.78,1.89,1.98,1.99,1.8233357277248667,-1.0701926497577219,1.925375193283549,-5.88863154060221,0.47,40
2022-02-24,0.32,0.65,1.08,1.54,1.73,1.84,1.94,1.96,1.7560592269697197,-1.1803956219853953,2.160021693549756,-4.555990575054963,0.47,40
2022-02-25,0.33,0.71,1.13,1.55,1.76,1.86,1.96,1.97,1.8003917156391787,-1.1009888997048198,1.9607115395991228,-5.496723315109531,0.47,40
2022-02-28,0.35,0.69,1.01,1.44,1.62,1.71,1.81,1.83,1.686330943267416,-1.0669576621737267,1.7749324507498059,-4.31676518313774,0.47,40
2022-03-01,0.32,0.6,0.91,1.31,1.47,1.56,1.67,1.72,1.632883713628177,-1.090433375049045,1.4792371603971761,-3.745005463821851,0.47,40
2022-03-02,0.34,0.68,1.06,1.5,1.67,1.74,1.83,1.86,1.657196867235966,-1.00672669538283,1.949428672479462,-4.866559010306706,0.47,40
2022-03-03,0.38,0.69,1.08,1.53,1.69,1.74,1.82,1.86,1.6095769303271306,-0.9661555577081977,2.0858359353794924,-4.486949321337031,0.47,40
2022-03-04,0.34,0.69,1.05,1.5,1.62,1.65,1.7,1.74,1.456708974648341,-0.7505555478848757,2.0137415766730364,-5.330191690424854,0.47,40
2022-03-07,0.38,0.75,1.07,1.55,1.68,1.71,1.77,1.78,1.4800883591721496,-0.7739167290317087,2.164995744432662,-4.956805517429222,0.47,40
2022-03-08,0.36,0.72,1.12,1.63,1.78,1.8,1.85,1.86,1.4672127901490257,-0.8161519138136798,2.6146834942554436,-4.950021868153636,0.47,40
2022-03-09,0.38,0.75,1.15,1.68,1.83,1.87,1.92,1.94,1.5637511987485722,-0.8912941705976013,2.6088827595648922,-4.995080710816852,0.47,40
2022-03-10,0.39,0.75,1.19,1.72,1.88,1.92,1.98,1.98,1.575827835281249,-0.9157677849260579,2.788648738995881,-4.914891618827854,0.47,40
2022-03-11,0.4,0.78,1.22,1.75,1.91,1.96,2.01,2.0,1.5873221668349538,-0.8928034086280798,2.8308989402394618,-5.149966633824753,0.47,40
2022-03-14,0.45,0.86,1.28,1.87,2.04,2.1,2.16,2.14,1.7101449626607077,-0.9925938538276785,3.0312573657036657,-4.997388226582097,0.47,40
2022-03-15,0.46,0.86,1.28,1.85,2.04,2.1,2.16,2.15,1.7412551028184118,-1.0277433608290312,2.959258997115566,-4.835735646711377,0.47,40
2022-03-16,0.44,0.86,1.35,1.95,2.14,2.18,2.22,2.19,1.660621803659276,-0.9411390287565972,3.437489365054616,-5.363241748254388,0.47,40
2022-03-17,0.4,0.81,1.3,1.94,2.14,2.17,2.22,2.2,1.6475827574052482,-1.0241235294467426,3.5964172487790917,-4.9442707954064105,0.47,40
2022-03-18,0.42,0.83,1.29,1.97,2.15,2.14,2.17,2.14,1.4891797486531702,-0.8856030819957875,3.8901366581599226,-4.613500917917282,0.47,40
2022-03-21,0.54,0.95,1.4,2.14,2.34,2.33,2.36,2.32,1.6100271817001457,-0.983958245547988,4.267125935211898,-3.870235516022652,0.47,40
2022-03-22,0.51,0.96,1.59,2.18,2.38,2.39,2.42,2.38,1.7507408537521822,-0.8310479525804308,3.784486784032521,-6.922377263411433,0.47,40
2022-03-23,0.5,0.93,1.52,2.13,2.32,2.34,2.37,2.32,1.6852391684237626,-0.8590935031697793,3.849981125895639,-6.102441817139247,0.47,40
2022-03-24,0.52,0.96,1.55,2.13,2.35,2.37,2.39,2.34,1.715298840216329,-0.855935022598475,3.814828716553287,-6.190660794494894,0.47,40
2022-03-25,0.55,1.01,1.67,2.3,2.51,2.55,2.56,2.48,1.7633755536615914,-0.8744023874144135,4.299474804550054,-6.504043014089701,0.47,40
2022-03-28,0.59,1.08,1.69,2.35,2.55,2.54,2.55,2.46,1.6932948973367978,-0.7379973476142057,4.384219947973716,-6.691674473517305,0.47,40
2022-03-29,0.55,1.06,1.67,2.35,2.54,2.49,2.5,2.41,1.5955779235010903,-0.6341807081841521,4.476193354444446,-7.156365135537947,0.47,40
2022-03-30,0.55,1.04,1.64,2.31,2.49,2.44,2.43,2.35,1.5218324087616513,-0.588695634743212,4.471744510480287,-6.850985945578999,0.47,40
2022-03-31,0.52,1.06,1.63,2.28,2.45,2.42,2.4,2.32,1.5460981560971478,-0.5347941465714484,4.199235302426654,-7.6978140647408555,0.47,40
2022-04-01,0.53,1.09,1.72,2.44,2.61,2.55,2.5,2.39,1.4305010456075355,-0.4399686278604346,4.968354990895497,-7.797004000500766,0.47,40
2022-04-04,0.66,1.14,1.72,2.43,2.61,2.56,2.52,2.42,1.4964350499421861,-0.558802703047255,4.8977401215000835,-5.977560983829581,0.47,40
2022-04-05,0.65,1.13,1.77,2.51,2.69,2.69,2.65,2.54,1.6027974211325748,-0.7012736766307205,5.135633712714558,-5.962531882234806,0.47,40
2022-04-06,0.67,1.15,1.79,2.5,2.67,2.7,2.69,2.61,1.8059448095900148,-0.8115780445713502,4.6133902323739155,-6.484633259626035,0.47,40
2022-04-07,0.68,1.15,1.78,2.47,2.66,2.7,2.73,2.66,1.9531013767713037,-0.949286924257159,4.305099013491765,-6.381191873837987,0.47,40
2022-04-08,0.7,1.19,1.81,2.53,2.73,2.76,2.79,2.72,1.9884036021314917,-0.9665579755372519,4.432286363258548,-6.418490026726373,0.47,40
2022-04-11,0.77,1.23,1.85,2.5,2.73,2.79,2.84,2.79,2.1839920623606854,-1.0984650635071516,3.987849054169784,-6.18762484583986,0.47,40
2022-04-12,0.74,1.2,1.77,2.39,2.58,2.66,2.73,2.72,2.258297223095013,-1.116132533768003,3.2981970581580478,-6.677143017906396,0.47,40
2022-04-13,0.75,1.2,1.78,2.37,2.57,2.66,2.71,2.7,2.2333545152509715,-1.0915113969397034,3.304695049332945,-6.565282360995117,0.47,40
2022-04-14,0.79,1.25,1.84,2.47,2.67,2.79,2.84,2.83,2.3579881042820023,-1.2020603847437428,3.4508329951754484,-6.440771036115317,0.47,40
2022-04-18,0.81,1.27,1.84,2.46,2.68,2.79,2.85,2.85,2.408884579892906,-1.2376749609916875,3.3320257386252856,-6.327852701072591,0.47,40
2022-04-19,0.81,1.28,1.94,2.61,2.81,2.91,2.95,2.93,2.350849335161686,-1.166396989412289,3.8985283783850573,-6.816834057449907,0.47,40
2022-04-20,0.82,1.29,1.93,2.6,2.79,2.87,2.88,2.85,2.2049179070629092,-1.0274433850012217,4.063006845605521,-6.640340715695031,0.47,40
2022-04-21,0.83,1.32,2.01,2.68,2.87,2.96,2.96,2.9,2.20344408668708,-0.9824110587379183,4.306919354426444,-7.105562514589365,0.47,40
2022-04-22,0.83,1.34,2.06,2.72,2.88,2.94,2.95,2.9,2.205633173808409,-0.8597773456177678,4.142516090349939,-8.253879376866406,0.47,40
2022-04-25,0.91,1.42,2.03,2.63,2.79,2.84,2.85,2.81,2.2165542183696543,-0.7731389164702093,3.593399165733848,-7.9793670702835,0.47,40
2022-04-26,0.83,1.4,1.99,2.54,2.72,2.79,2.8,2.77,2.2774661838815637,-0.7682685198002689,3.1556741020730747,-9.136269286845621,0.47,40
2022-04-27,0.82,1.39,1.97,2.58,2.75,2.81,2.84,2.82,2.313477994859605,-0.8476191739443676,3.2660952760181456,-8.914181605691413,0.47,40
2022-04-28,0.82,1.38,2.04,2.63,2.8,2.86,2.88,2.85,2.295125643228148,-0.8022951220990148,3.4518067953636673,-9.339864586385655,0.47,40
2022-04-29,0.85,1.41,2.1,2.7,2.87,2.92,2.94,2.89,2.282846259638417,-0.7679812645325358,3.6777030122644807,-9.388669207474829,0.47,40
2022-05-02,0.9,1.49,2.1,2.73,2.93,3.01,3.04,2.99,2.4455984418630776,-0.9282212726488078,3.582978691813294,-8.828867910479476,0.47,40
2022-05-03,0.91,1.45,2.16,2.78,2.95,3.01,3.03,2.97,2.329105638416863,-0.8181605082217236,3.891917211484679,-8.914273014403852,0.47,40
2022-05-04,0.89,1.44,2.07,2.66,2.85,2.93,2.97,2.93,2.4227963341808145,-0.9224522561510909,3.385055476553118,-8.699716535210955,0.47,40
2022-05-05,0.85,1.37,2.08,2.71,2.91,3.01,3.07,3.05,2.531519106639875,-1.1247719387676822,3.5996646321918617,-8.488714803730108,0.47,40
2022-05-06,0.85,1.41,2.08,2.72,2.94,3.06,3.13,3.12,2.6685513792411744,-1.2245064677686008,3.4058018181829386,-8.740725356184756,0.47,40
2022-05-09,0.92,1.43,1.99,2.61,2.81,2.95,3.04,3.05,2.7201438120113535,-1.3033479163382646,2.9037640280337045,-7.466485084076869,0.47,40
2022-05-10,0.89,1.44,2.01,2.62,2.81,2.91,2.99,2.99,2.615090479857538,-1.11808717465631,2.9280477747091216,-8.48515507985368,0.47,40
2022-05-11,0.91,1.43,1.99,2.66,2.81,2.89,2.94,2.91,2.3858865296946687,-0.9887097264492722,3.4866318381831127,-7.529473713040866,0.47,40
2022-05-12,0.96,1.44,1.96,2.56,2.73,2.81,2.86,2.84,2.3864940345806223,-0.9846695458274445,3.1531917360638184,-6.863963824517308,0.47,40
2022-05-13,1.03,1.47,2.04,2.61,2.79,2.89,2.95,2.93,2.4986534055462415,-1.0662071266663593,3.1376396463698444,-6.565974684122498,0.47,40
2022-05-16,1.07,1.54,2.07,2.58,2.75,2.83,2.89,2.88,2.5204577606925858,-0.917526996799178,2.6557200885681143,-7.490972470381008,0.47,40
2022-05-17,1.06,1.57,2.16,2.71,2.89,2.96,3.0,2.98,2.5219873434716114,-0.883142827756274,3.081492163793642,-8.194426625130946,0.47,40
2022-05-18,1.03,1.56,2.16,2.68,2.84,2.89,2.91,2.89,2.41225303910869,-0.7074872718076806,2.9908620907579744,-9.023241636572118,0.47,40
2022-05-19,1.05,1.52,2.11,2.63,2.78,2.84,2.87,2.84,2.361002432517146,-0.7616737194507113,3.053684433509078,-7.8488000860006,0.47,40
2022-05-20,1.03,1.51,2.07,2.6,2.73,2.8,2.82,2.78,2.296286209611184,-0.7169428515616105,3.0503139205816003,-7.787248333759551,0.47,40
2022-05-23,1.07,1.57,2.09,2.65,2.8,2.88,2.9,2.86,2.3835132574159728,-0.7995351189810994,3.1121823905637296,-7.447278902337672,0.47,40
2022-05-24,1.06,1.53,2.02,2.5,2.66,2.76,2.8,2.76,2.4032781248574735,-0.8314740893150802,2.620154708614512,-7.151146176969437,0.47,40
2022-05-25,1.06,1.52,2.01,2.48,2.63,2.71,2.76,2.75,2.4258048828444845,-0.8162370768507907,2.396304967592763,-7.433267482407335,0.47,40
2022-05-26,1.07,1.52,1.99,2.46,2.63,2.7,2.75,2.75,2.429106597248486,-0.8509874700569452,2.397257285941077,-7.019691636011094,0.47,40
2022-05-27,1.08,1.54,2.01,2.47,2.64,2.71,2.76,2.74,2.4108158921173994,-0.8079564346445082,2.428025046427834,-7.145949436342036,0.47,40
2022-05-31,1.16,1.64,2.08,2.53,2.71,2.81,2.87,2.85,2.593821531454925,-0.8902716004627351,2.2059450306459127,-7.223552401891018,0.47,40
2022-06-01,1.15,1.63,2.16,2.66,2.84,2.94,2.98,2.94,2.5494943521747615,-0.8891654146144438,2.8321568689875187,-7.3086703219550895,0.47,40
2022-06-02,1.17,1.64,2.15,2.65,2.83,2.92,2.95,2.92,2.51980996130475,-0.8643568420681393,2.8284634276027427,-7.034361185527837,0.47,40
2022-06-03,1.21,1.68,2.18,2.66,2.87,2.95,2.99,2.96,2.5832512056152988,-0.8963409504496014,2.758757054361925,-6.9078314326061,0.47,40
2022-06-06,1.26,1.74,2.23,2.73,2.94,3.03,3.07,3.04,2.664245617976192,-0.9357798524082055,2.7989579351258786,-6.848241574777807,0.47,40
2022-06-07,1.26,1.75,2.26,2.75,2.91,2.99,3.02,2.98,2.5780384045326903,-0.7631491266331517,2.7492686191268136,-7.631010752472063,0.47,40
2022-06-08,1.28,1.77,2.29,2.78,2.94,3.03,3.06,3.03,2.643582400771346,-0.7988524814584699,2.7032670036722966,-7.73565945296359,0.47,40
2022-06-09,1.3,1.81,2.35,2.83,2.99,3.07,3.08,3.04,2.6094983433961034,-0.6982576152453517,2.819241965526318,-8.214294536470177,0.47,40
2022-06-10,1.39,1.98,2.58,3.06,3.21,3.25,3.24,3.15,2.601760312463597,-0.4301043781923896,3.1603433221292248,-9.973063930259483,0.47,40
2022-06-13,1.73,2.25,2.89,3.4,3.56,3.56,3.53,3.43,2.7310021848371426,-0.3922674523665154,3.7761186976079553,-8.629311837700783,0.47,40
2022-06-14,1.83,2.43,3.15,3.45,3.6,3.61,3.6,3.49,2.994430386708246,-0.12031988508374888,2.653637298863923,-12.274449716701836,0.47,40
2022-06-15,1.74,2.32,2.93,3.2,3.35,3.38,3.39,3.33,3.0037563067451236,-0.2413717251204272,1.9437223663298233,-11.65596585046088,0.47,40
2022-06-16,1.59,2.24,2.88,3.14,3.33,3.35,3.36,3.28,2.9392471432238643,-0.21231398604725654,2.034362318083982,-12.805846658697547,0.47,40
2022-06-17,1.63,2.25,2.86,3.17,3.35,3.34,3.34,3.25,2.8153754544778993,-0.17027820619150882,2.4011983371817425,-11.754813457368783,0.47,40
2022-06-21,1.7,2.46,2.92,3.21,3.35,3.38,3.39,3.31,3.0810686417084066,-0.08598879419376287,1.4324631367761218,-13.779641958976551,0.47,40
2022-06-22,1.61,2.4,2.79,3.06,3.2,3.22,3.24,3.16,2.9961933405426344,-0.03460316019196499,1.096303943835605,-14.05438278488626,0.47,40
2022-06-23,1.65,2.44,2.78,3.01,3.12,3.14,3.16,3.09,2.996590455201789,0.06219210884815247,0.6680283646524309,-14.310946726145144,0.47,40
2022-06-24,1.73,2.51,2.83,3.04,3.13,3.18,3.19,3.13,3.0856234951243513,0.05705304041614838,0.44831757993798904,-14.220328282711998,0.47,40
2022-06-27,1.79,2.56,2.89,3.08,3.21,3.24,3.27,3.2,3.1605545522109626,0.012692913404785823,0.48364094745785075,-13.969376709010266,0.47,40
2022-06-28,1.79,2.55,2.88,3.1,3.21,3.25,3.27,3.2,3.128229863551302,0.006193670723613854,0.6301883647887898,-13.673646431905768,0.47,40
2022-06-29,1.78,2.55,2.88,3.06,3.13,3.15,3.17,3.1,3.0511359806276093,0.18673038722032112,0.3369250598353704,-14.574964362187597,0.47,40
2022-06-30,1.72,2.51,2.8,2.92,2.99,3.01,3.04,2.98,3.0331214339551718,0.2418369068505693,-0.17861842962315572,-15.193226324043161,0.47,40
2022-07-01,1.73,2.52,2.79,2.84,2.85,2.88,2.92,2.88,3.0546470762932643,0.3772762289384614,-0.8906038565318729,-16.223721345754203,0.47,40
2022-07-05,1.9,2.59,2.77,2.82,2.82,2.82,2.87,2.82,2.9754742058526005,0.3906844661664801,-0.8416241762906139,-13.851302129963807,0.47,40
2022-07-06,1.9,2.62,2.82,2.97,2.99,2.96,2.99,2.93,2.9295035538197385,0.3751522656408229,-0.12416179212607328,-13.630709306818696,0.47,40
2022-07-07,1.95,2.64,2.87,3.03,3.05,3.05,3.07,3.01,2.990526083107385,0.2905036409536315,0.050397452875414556,-13.066946191612256,0.47,40
2022-07-08,1.98,2.68,2.96,3.12,3.14,3.13,3.16,3.09,3.047063184810896,0.3111893051890394,0.14674295122315753,-13.628218032153976,0.47,40
2022-07-11,2.18,2.79,2.97,3.07,3.09,3.05,3.06,2.99,2.9497543831234294,0.43114972377761035,-0.01068975957028778,-11.647572405818,0.47,40
2022-07-12,2.22,2.78,3.07,3.03,3.07,3.01,3.01,2.96,2.9537916658516137,0.5597141414777465,-0.3289324607549715,-12.471233136887495,0.47,40
2022-07-13,2.39,2.96,3.21,3.13,3.14,3.02,3.0,2.91,2.8324372538157636,0.9030473119922577,-0.3108149374649638,-12.780965284162386,0.47,40
2022-07-14,2.4,2.93,3.16,3.15,3.16,3.06,3.05,2.96,2.852366364601372,0.7255599384839353,-0.008150221749753812,-11.358985164494246,0.47,40
2022-07-15,2.37,2.94,3.12,3.13,3.14,3.05,3.03,2.93,2.8267130890685968,0.7411410490005017,-0.011666437419935108,-11.467161241986554,0.47,40
2022-07-18,2.5,3.02,3.13,3.15,3.15,3.06,3.05,2.96,2.888283186280094,0.6839421368922987,-0.12706358222156783,-10.142604790822539,0.47,40
2022-07-19,2.52,3.06,3.18,3.23,3.22,3.14,3.11,3.01,2.8855746186955034,0.7107136658768192,0.1042554826691848,-10.287539013340366,0.47,40
2022-07-20,2.51,3.04,3.18,3.25,3.25,3.18,3.15,3.04,2.884278059147632,0.6479014730193082,0.3247806564056864,-9.911571297287347,0.47,40
2022-07-21,2.48,3.0,3.11,3.1,3.07,3.0,2.99,2.91,2.8973084371172724,0.7203207570218607,-0.43742553384974875,-10.622750435445662,0.47,40
2022-07-22,2.49,2.97,3.01,2.98,2.93,2.87,2.85,2.77,2.787989347771479,0.7541645588349476,-0.6130131901393866,-9.605240782989824,0.47,40
2022-07-25,2.62,3.06,3.07,3.0,2.98,2.89,2.89,2.81,2.8585563405473793,0.744609408504397,-0.754588412434272,-8.830042118687254,0.47,40
2022-07-26,2.55,3.01,3.06,3.02,3.01,2.89,2.88,2.81,2.7865019621095897,0.7799735907538417,-0.49451955473558423,-9.324769633366598,0.47,40
2022-07-27,2.44,2.93,3.0,2.96,2.93,2.82,2.83,2.78,2.822077023362639,0.7533167131388151,-0.7883175787975124,-10.398083285935407,0.47,40
2022-07-28,2.42,2.9,2.93,2.85,2.81,2.69,2.69,2.68,2.7872910067425347,0.8101230277216785,-1.2054336456811587,-10.550707057674048,0.47,40
2022-07-29,2.41,2.91,2.98,2.89,2.83,2.7,2.7,2.67,2.747281256712901,0.9217880397037861,-1.1534506303237242,-11.371391049916223,0.47,40
2022-08-01,2.56,2.96,2.98,2.9,2.82,2.66,2.64,2.6,2.5865295632996963,1.0013536744333966,-0.8521011123247326,-9.185229214934717,0.47,40
2022-08-02,2.56,3.0,3.09,3.06,3.02,2.85,2.82,2.75,2.616368418055292,0.9681108636869644,-0.22489546845004188,-9.528114704102093,0.47,40
2022-08-03,2.52,3.0,3.14,3.1,3.04,2.86,2.81,2.73,2.5485541163294,1.1215943921230702,-0.14493792618727086,-10.782748329126159,0.47,40
2022-08-04,2.5,2.98,3.11,3.03,2.95,2.76,2.73,2.68,2.5912147625845288,1.1565484439791338,-0.6495244463115962,-11.489833225940368,0.47,40
2022-08-05,2.58,3.1,3.29,3.24,3.18,2.97,2.91,2.83,2.6043140791067234,1.2501714427509467,-0.07862927769867409,-12.03368421189722,0.47,40
2022-08-08,2.65,3.15,3.3,3.21,3.14,2.91,2.85,2.77,2.570564190278071,1.3511829397679926,-0.3077508965836639,-11.807324674352598,0.47,40
2022-08-09,2.67,3.16,3.33,3.28,3.2,2.97,2.89,2.8,2.5140365712609185,1.3674649289145258,0.07156202570595192,-11.422638729119507,0.47,40
2022-08-10,2.65,3.13,3.26,3.23,3.13,2.93,2.86,2.78,2.548948401968854,1.2758975757651885,-0.09378506453005496,-10.987100593863383,0.47,40
2022-08-11,2.62,3.08,3.25,3.23,3.16,2.98,2.94,2.87,2.6775991560154204,1.0702862538733722,-0.07237376773069731,-10.680217734881017,0.47,40
2022-08-12,2.63,3.13,3.26,3.25,3.18,2.97,2.92,2.84,2.6166622205525045,1.1906248932111279,-0.04045821390352299,-11.069696879822057,0.47,40
2022-08-15,2.72,3.13,3.23,3.2,3.14,2.91,2.86,2.79,2.5535317802721877,1.1655510745764905,-0.0003467615897161683,-9.33960089315486,0.47,40
2022-08-16,2.7,3.12,3.26,3.25,3.19,2.95,2.9,2.82,2.5321461999327504,1.1828326105274423,0.22322177324430786,-9.645726786940022,0.47,40
2022-08-17,2.68,3.15,3.27,3.28,3.27,3.04,2.99,2.89,2.5957427095081687,1.0974095962453456,0.3962753566503775,-9.683848607488216,0.47,40
2022-08-18,2.71,3.12,3.24,3.22,3.23,3.02,2.97,2.88,2.61665645636235,0.9914891384503871,0.3487125068857685,-8.580069707850194,0.47,40
2022-08-19,2.74,3.16,3.26,3.25,3.28,3.11,3.06,2.98,2.767891669916227,0.8426610276849926,0.27644040533905867,-8.300777878624148,0.47,40
2022-08-22,2.82,3.23,3.32,3.32,3.36,3.17,3.12,3.03,2.779141957176145,0.8628203759837134,0.43549353668361374,-7.881030155713872,0.47,40
2022-08-23,2.8,3.21,3.29,3.29,3.35,3.18,3.14,3.05,2.8362698618929167,0.7569982688688178,0.3879494661799957,-7.600082119429388,0.47,40
2022-08-24,2.82,3.28,3.35,3.36,3.4,3.2,3.2,3.11,2.9453185610829418,0.8115113993461205,0.1045134595794117,-8.850070031086892,0.47,40
2022-08-25,2.88,3.25,3.33,3.35,3.37,3.15,3.11,3.03,2.7506288043690637,0.8884603563536178,0.4897825451437455,-7.304335927763058,0.47,40
2022-08-26,2.89,3.26,3.36,3.37,3.4,3.2,3.14,3.04,2.727220591542,0.8968638980597162,0.6774503845705543,-7.145110130222439,0.47,40
2022-08-29,2.97,3.32,3.43,3.42,3.45,3.27,3.21,3.12,2.8422454464669373,0.8471422736412126,0.560080260777378,-6.978934005013057,0.47,40
2022-08-30,2.97,3.31,3.48,3.46,3.47,3.27,3.22,3.11,2.787842132954188,0.9398750802638288,0.6815508746603343,-7.454562672543614,0.47,40
2022-08-31,2.96,3.32,3.5,3.45,3.46,3.3,3.25,3.15,2.905669350135839,0.8841287767559102,0.39941644573262636,-8.04486044249038,0.47,40
2022-09-01,2.97,3.34,3.51,3.51,3.54,3.39,3.36,3.26,3.01958932420806,0.7296855205898567,0.5403928244449567,-7.675603613963826,0.47,40
2022-09-02,2.94,3.33,3.47,3.4,3.44,3.3,3.29,3.2,3.089597326053614,0.7331985985145242,-0.042303105145402094,-8.353605219954948,0.47,40
2022-09-06,3.04,3.4,3.61,3.5,3.55,3.43,3.41,3.33,3.22428006615902,0.6977478454558532,-0.03734412952183853,-8.444054147745039,0.47,40
2022-09-07,3.07,3.42,3.6,3.45,3.5,3.37,3.35,3.27,3.1982910214326186,0.7624181441878185,-0.255903018964182,-8.354243457409872,0.47,40
2022-09-08,3.06,3.44,3.6,3.48,3.54,3.39,3.37,3.29,3.191942992759818,0.7760493722138363,-0.15398962678573613,-8.54215459732046,0.47,40
2022-09-09,3.08,3.52,3.67,3.56,3.61,3.45,3.42,3.33,3.2156924008052354,0.8828021007641063,-0.16271703224508036,-9.548286766167216,0.47,40
2022-09-12,3.17,3.56,3.7,3.58,3.6,3.47,3.45,3.37,3.309143932347633,0.8166726307618314,-0.3567654817608228,-8.87778546010228,0.47,40
2022-09-13,3.28,3.75,3.92,3.75,3.75,3.58,3.53,3.42,3.303645962092503,1.1609549686933376,-0.39776067662846654,-10.953556796152666,0.47,40
2022-09-14,3.24,3.76,3.95,3.78,3.79,3.6,3.52,3.41,3.23581847689043,1.282691850465822,-0.2530557852897327,-11.897211565972853,0.47,40
2022-09-15,3.22,3.78,4.0,3.87,3.85,3.66,3.59,3.45,3.231404376966399,1.3384886872899342,-0.06284416041252212,-12.70041534676696,0.47,40
2022-09-16,3.2,3.77,3.96,3.85,3.81,3.62,3.56,3.45,3.2801423653524697,1.3069061212910154,-0.30257320806073423,-12.951602231561795,0.47,40
2022-09-19,3.37,3.87,4.05,3.95,3.9,3.69,3.62,3.49,3.2361801631547955,1.3554553599146326,0.028220749903595944,-11.472192745038196,0.47,40
2022-09-20,3.35,3.86,4.03,3.96,3.94,3.75,3.69,3.57,3.3404877610748294,1.1894648165049686,0.08288461637425158,-11.144458204919893,0.47,40
2022-09-21,3.31,3.86,4.08,4.02,3.98,3.74,3.65,3.51,3.150742709472263,1.4444500573804069,0.42446711261444636,-12.288139516618845,0.47,40
2022-09-22,3.29,3.87,4.08,4.11,4.12,3.91,3.84,3.7,3.333978618376824,1.1508791546433905,0.7683070111158739,-11.674069709647403,0.47,40
2022-09-23,3.24,3.85,4.15,4.2,4.21,3.96,3.85,3.69,3.156002419966508,1.3422130138574249,1.349260531626883,-12.592526186491302,0.47,40
2022-09-26,3.39,3.95,4.17,4.27,4.37,4.15,4.06,3.88,3.3500697976057503,0.9858505048483399,1.7346325969056309,-9.748152932999545,0.47,40
2022-09-27,3.35,3.91,4.16,4.3,4.39,4.21,4.14,3.97,3.4741626537755197,0.8120366450227354,1.7486478768933713,-9.785188621337895,0.47,40
2022-09-28,3.4,3.87,3.99,4.07,4.12,3.92,3.83,3.72,3.3164347637122242,0.9171639068353383,1.103689536575419,-8.312490112178628,0.47,40
2022-09-29,3.36,3.87,3.98,4.16,4.19,3.98,3.89,3.76,3.2628026597545965,0.9148245087823879,1.5483571335355373,-8.371045233460874,0.47,40
2022-09-30,3.33,3.92,4.05,4.22,4.25,4.06,3.97,3.83,3.371038432059809,0.9488021515782331,1.390219614860096,-9.961205604970871,0.47,40
2022-10-03,3.46,3.97,4.01,4.12,4.12,3.9,3.79,3.67,3.237015241691923,1.1110628747217137,1.0494895424711481,-8.64590532593546,0.47,40
2022-10-04,3.45,3.98,4.15,4.1,4.08,3.84,3.73,3.62,3.2648008134477777,1.384308202880705,0.4180201611968896,-11.413177383640107,0.47,40
2022-10-05,3.46,4.0,4.14,4.15,4.17,3.96,3.87,3.76,3.426423204287323,1.1324855051212597,0.5899587282789467,-10.578407675789771,0.47,40
2022-10-06,3.46,4.04,4.19,4.23,4.24,4.05,3.95,3.83,3.476298259502157,1.1304162906209876,0.7132334347853668,-11.107631344449592,0.47,40
2022-10-07,3.45,4.09,4.24,4.3,4.33,4.14,4.03,3.89,3.502972641906856,1.1541281438840632,0.8897274637810778,-11.743859808883252,0.47,40
2022-10-11,3.67,4.17,4.28,4.3,4.31,4.14,4.06,3.93,3.6222453181784298,1.0236329438610667,0.621306511663197,-9.395481071705447,0.47,40
2022-10-12,3.7,4.16,4.28,4.28,4.29,4.12,4.03,3.91,3.5948670230135003,1.0260758597537532,0.6279601046911463,-8.879535819062072,0.47,40
2022-10-13,3.79,4.3,4.46,4.47,4.44,4.21,4.11,3.97,3.5567787282573815,1.3118073245764512,0.7895610997393152,-10.43712597901985,0.47,40
2022-10-14,3.81,4.31,4.5,4.48,4.47,4.25,4.15,4.0,3.5922429275932433,1.2880176691007048,0.8140666759525647,-10.39639959025686,0.47,40
2022-10-17,3.97,4.38,4.5,4.45,4.45,4.24,4.15,4.02,3.6807374952531435,1.174456950208611,0.5763248568861732,-8.450632376307501,0.47,40
2022-10-18,4.04,4.39,4.5,4.43,4.43,4.21,4.12,4.01,3.6808703582582574,1.154704394384038,0.5002660219442729,-7.554330730868256,0.47,40
2022-10-19,4.07,4.45,4.6,4.55,4.56,4.35,4.26,4.14,3.7852344225689674,1.1198994177032269,0.6771646117590204,-8.078577821469096,0.47,40
2022-10-20,4.09,4.48,4.66,4.62,4.66,4.45,4.36,4.24,3.8632281221197293,1.0546123591425054,0.8475520583342713,-8.143737501076751,0.47,40
2022-10-21,4.09,4.43,4.58,4.49,4.52,4.34,4.28,4.21,3.998999918992049,0.9091945733209815,0.17178595522668344,-7.778468893735468,0.47,40
2022-10-24,4.16,4.52,4.61,4.5,4.52,4.36,4.31,4.25,4.1368636069721365,0.8908622080129903,-0.24864454455823806,-7.990389305702772,0.47,40
2022-10-25,4.14,4.5,4.6,4.42,4.45,4.25,4.17,4.1,3.9448203149175667,1.1185836471321409,-0.2778651093087577,-8.414316633691673,0.47,40
2022-10-26,4.11,4.47,4.54,4.39,4.41,4.2,4.12,4.04,3.8540126928440532,1.1393425044779748,-0.15350856491999604,-8.042948124445129,0.47,40
2022-10-27,4.13,4.44,4.5,4.3,4.29,4.09,4.01,3.96,3.8468373350819243,1.1631625989723209,-0.5609515541520778,-7.815525480842735,0.47,40
2022-10-28,4.18,4.51,4.55,4.41,4.38,4.19,4.1,4.02,3.838344497621993,1.1794592871477343,-0.22102252755203422,-7.529385595528546,0.47,40
2022-10-31,4.22,4.57,4.66,4.51,4.45,4.27,4.18,4.1,3.925147951653444,1.2399290211272451,-0.3086070336450696,-8.577031180050065,0.47,40
2022-11-01,4.23,4.58,4.75,4.54,4.48,4.27,4.18,4.07,3.849968934017894,1.4138908732450037,-0.24036060596475897,-9.485619278773527,0.47,40
2022-11-02,4.22,4.57,4.76,4.61,4.54,4.3,4.2,4.1,3.786540339675981,1.439749476993935,0.11277440881387582,-9.426465150466193,0.47,40
2022-11-03,4.25,4.57,4.78,4.71,4.63,4.36,4.26,4.14,3.6898671692478833,1.4364127126514594,0.7271491033234067,-8.501706802605664,0.47,40
2022-11-04,4.21,4.55,4.76,4.66,4.58,4.33,4.26,4.17,3.8493056204841434,1.3439932225582565,0.2061737532738617,-9.345490332936551,0.47,40
2022-11-07,4.29,4.62,4.8,4.72,4.63,4.39,4.31,4.22,3.887763893781701,1.330667151196447,0.27064423008078553,-8.812114212655061,0.47,40
2022-11-08,4.28,4.6,4.77,4.67,4.55,4.31,4.22,4.14,3.8240580736929646,1.4149420003109527,0.09176945686153817,-8.988002294441142,0.47,40
2022-11-09,4.29,4.59,4.75,4.61,4.49,4.27,4.2,4.12,3.8857176701541993,1.3618679597194419,-0.21328426774998988,-8.833864769412358,0.47,40
2022-11-10,4.28,4.52,4.59,4.34,4.17,3.95,3.89,3.82,3.7294829247034817,1.5197133651048476,-1.04205547668438,-8.383486348625834,0.47,40
2022-11-14,4.34,4.55,4.63,4.4,4.24,4.0,3.95,3.88,3.751555723882893,1.4809688418925135,-0.8520529006810071,-7.76884356609242,0.47,40
2022-11-15,4.31,4.54,4.6,4.37,4.17,3.93,3.88,3.8,3.68255692347532,1.5874288299912187,-0.9936388710636643,-8.29572009320392,0.47,40
2022-11-16,4.32,4.54,4.62,4.35,4.13,3.83,3.77,3.67,3.48151598509316,1.8503450285729555,-0.9352844204778062,-8.747924490275166,0.47,40
2022-11-17,4.32,4.57,4.68,4.43,4.22,3.93,3.87,3.77,3.5706100080758287,1.8039293984739417,-0.8288703144070381,-9.266059222276533,0.47,40
2022-11-18,4.34,4.61,4.74,4.51,4.28,3.99,3.92,3.82,3.588957081682227,1.853413932412474,-0.7376646975119953,-9.786911817037447,0.47,40
2022-11-21,4.41,4.65,4.75,4.48,4.32,3.97,3.94,3.83,3.61947701772033,1.8139013769541066,-0.7927791573114854,-8.958945715834556,0.47,40
2022-11-22,4.4,4.68,4.79,4.47,4.27,3.93,3.86,3.76,3.565338810025154,2.025136057495143,-1.0757038016978147,-10.367280682860171,0.47,40
2022-11-23,4.4,4.67,4.75,4.46,4.23,3.88,3.81,3.71,3.493536806809943,2.0663597376584204,-1.0352447793845179,-10.054316907091476,0.47,40
2022-11-25,4.41,4.67,4.76,4.42,4.2,3.85,3.78,3.68,3.496631037298097,2.09818824485083,-1.2102421742457723,-10.200824877167802,0.47,40
2022-11-28,4.41,4.72,4.76,4.46,4.22,3.88,3.8,3.69,3.5000948354177024,2.136923756660187,-1.1920133917087008,-10.537181864830838,0.47,40
2022-11-29,4.38,4.72,4.78,4.48,4.24,3.92,3.85,3.75,3.6073862379894903,2.079189236249072,-1.3468504548464162,-11.287494057577568,0.47,40
2022-11-30,4.37,4.7,4.74,4.38,4.13,3.82,3.76,3.68,3.640635824228994,2.0964528375532545,-1.8524310155886377,-11.607150217378774,0.47,40
2022-12-01,4.33,4.65,4.66,4.25,3.98,3.68,3.62,3.53,3.545000747810695,2.1779714008623046,-2.156078383493271,-11.63296142343639,0.47,40
2022-12-02,4.34,4.65,4.69,4.28,3.99,3.67,3.61,3.51,3.4804046498823284,2.267920671878585,-2.0468171078440776,-11.845272200428687,0.47,40
2022-12-05,4.36,4.73,4.77,4.41,4.13,3.8,3.72,3.6,3.4875593507201637,2.3191479269449577,-1.6855059701275346,-12.35323950219178,0.47,40
2022-12-06,4.37,4.74,4.73,4.34,4.07,3.73,3.64,3.51,3.4088644107697825,2.3920075000290266,-1.7892253691625046,-12.038123426635755,0.47,40
2022-12-07,4.29,4.72,4.67,4.26,3.97,3.62,3.54,3.42,3.394152607459027,2.4914807207346032,-2.232677554737121,-13.344124481576674,0.47,40
2022-12-08,4.28,4.71,4.71,4.31,4.04,3.71,3.63,3.48,3.4096541687629927,2.4273954302343737,-1.9093374616829573,-13.18751143364931,0.47,40
2022-12-09,4.31,4.72,4.72,4.33,4.07,3.75,3.69,3.57,3.553964697312759,2.282214468665735,-2.058023760394104,-12.896909508345995,0.47,40
2022-12-12,4.38,4.78,4.75,4.39,4.1,3.8,3.73,3.61,3.5861902372510603,2.2733717653869245,-2.0154822187676564,-12.439041726030787,0.47,40
2022-12-13,4.35,4.7,4.64,4.22,3.96,3.66,3.6,3.51,3.5747942744021457,2.1942644719111706,-2.3821463854558003,-11.670952896302552,0.47,40
2022-12-14,4.33,4.68,4.64,4.23,3.94,3.64,3.59,3.49,3.546162815658336,2.233219810268982,-2.3747341368942214,-11.991382531094109,0.47,40
2022-12-15,4.34,4.7,4.65,4.23,3.96,3.62,3.56,3.44,3.4352207740657317,2.3501815335991183,-2.195593107043277,-11.961128106543468,0.47,40
2022-12-16,4.31,4.68,4.61,4.17,3.91,3.61,3.58,3.48,3.6096903665855518,2.1850106567894083,-2.6416638728585577,-12.17444195023261,0.47,40
2022-12-19,4.37,4.71,4.64,4.25,3.99,3.7,3.67,3.57,3.6560243382217408,2.080870800365142,-2.3509927352446462,-11.220816041297143,0.47,40
2022-12-20,4.35,4.7,4.64,4.25,4.03,3.79,3.78,3.69,3.8604851825657787,1.8399483569186654,-2.4726424676421486,-11.097583404232415,0.47,40
2022-12-21,4.33,4.67,4.6,4.21,4.0,3.78,3.77,3.68,3.869737986891053,1.7666642060091964,-2.476476918038547,-10.676863840507439,0.47,40
2022-12-22,4.35,4.66,4.64,4.24,4.02,3.79,3.77,3.67,3.8004665583920048,1.8300575367250362,-2.2720513745869786,-10.561402135262252,0.47,40
2022-12-23,4.34,4.67,4.66,4.31,4.09,3.86,3.83,3.75,3.845834288756141,1.7807419714035648,-2.10076692462133,-10.75031763018038,0.47,40
2022-12-27,4.46,4.76,4.75,4.32,4.17,3.94,3.93,3.84,4.004889852889651,1.6873304674137861,-2.2858901161568665,-10.132789997451983,0.47,40
2022-12-28,4.46,4.75,4.71,4.31,4.18,3.97,3.97,3.88,4.061865136654082,1.539542853272372,-2.206723877885925,-9.306083915002997,0.47,40
2022-12-29,4.45,4.73,4.71,4.34,4.16,3.94,3.91,3.83,3.9339284402299457,1.6662181461019603,-2.0199672296238673,-9.47943252315574,0.47,40
2022-12-30,4.42,4.76,4.73,4.41,4.22,3.99,3.96,3.88,3.9593473244292605,1.6936835866827207,-1.9341014896358364,-10.311111657856006,0.47,40
2023-01-03,4.53,4.77,4.72,4.4,4.18,3.94,3.89,3.79,3.78421889801664,1.7691171497606581,-1.62981393283144,-8.368188905770001,0.47,40
2023-01-04,4.55,4.77,4.71,4.36,4.11,3.85,3.79,3.69,3.675477475234853,1.9166874618531273,-1.7541711937471942,-8.428437041175618,0.47,40
2023-01-05,4.66,4.81,4.78,4.45,4.18,3.9,3.82,3.71,3.5810257413103592,1.9795889781955658,-1.321301957653045,-7.284499366605997,0.47,40
2023-01-06,4.67,4.79,4.71,4.24,3.96,3.69,3.63,3.55,3.6240863106202297,2.0464921136941387,-2.33553963906853,-7.681286955741923,0.47,40
2023-01-09,4.7,4.83,4.69,4.19,3.93,3.66,3.6,3.53,3.6680431708338315,2.039884174619617,-2.6196858707723396,-7.5318380606189175,0.47,40
2023-01-10,4.73,4.85,4.74,4.24,3.94,3.72,3.67,3.61,3.8105141637203506,1.962325608112244,-2.8274737939225334,-7.8575160780693425,0.47,40
2023-01-11,4.72,4.84,4.73,4.2,3.9,3.66,3.61,3.54,3.736139477609887,2.056508688891482,-2.8914120395069216,-8.071771696337114,0.47,40
2023-01-12,4.66,4.76,4.66,4.12,3.79,3.53,3.48,3.43,3.627283643255342,2.135721290337081,-3.0284008538557767,-8.310538713129764,0.47,40
2023-01-13,4.67,4.77,4.69,4.22,3.88,3.6,3.55,3.49,3.5901539932080184,2.1304945078336703,-2.5920422737628313,-8.054569552219672,0.47,40
2023-01-17,4.71,4.82,4.67,4.18,3.86,3.6,3.57,3.53,3.750844750016594,2.013971513807984,-3.029956117718328,-7.842072658209017,0.47,40
2023-01-18,4.69,4.79,4.63,4.06,3.72,3.43,3.4,3.37,3.642872084613458,2.19956652984266,-3.475880898750058,-8.496046488649418,0.47,40
2023-01-19,4.71,4.79,4.65,4.09,3.76,3.48,3.43,3.39,3.605544113327871,2.181217114675965,-3.183009110717428,-7.919240418254872,0.47,40
2023-01-20,4.72,4.8,4.68,4.14,3.83,3.56,3.51,3.48,3.6871460430738474,2.081781761233009,-3.0566797032263104,-7.774757839819826,0.47,40
2023-01-23,4.73,4.82,4.7,4.21,3.88,3.61,3.56,3.52,3.680544320635639,2.0813908868164788,-2.838531001799395,-7.724667108538757,0.47,40
2023-01-24,4.72,4.84,4.7,4.12,3.86,3.58,3.52,3.46,3.6627618817059053,2.138793185995783,-3.022671900957907,-8.008802182151308,0.47,40
2023-01-25,4.72,4.79,4.67,4.11,3.84,3.54,3.51,3.46,3.6565331039218023,2.073124989046966,-2.975354720251935,-7.419157565626579,0.47,40
2023-01-26,4.71,4.79,4.68,4.17,3.88,3.58,3.54,3.49,3.6302248117139904,2.080259563668618,-2.7372076812192074,-7.46689280312248,0.47,40
2023-01-27,4.73,4.81,4.68,4.19,3.9,3.62,3.58,3.52,3.66164775402153,2.022682392693183,-2.6619416992123153,-7.044880250172942,0.47,40
2023-01-30,4.72,4.82,4.71,4.25,3.96,3.68,3.62,3.55,3.623394447562725,2.0525662868560626,-2.367078985343337,-7.2066706001025125,0.47,40
2023-01-31,4.7,4.8,4.68,4.21,3.9,3.63,3.59,3.52,3.649520924687977,2.041317680767134,-2.606713778359882,-7.433386557448893,0.47,40
2023-02-01,4.66,4.79,4.66,4.09,3.75,3.48,3.43,3.39,3.6389131985497514,2.2251527896696213,-3.3599183238923507,-9.061913558427989,0.47,40
2023-02-02,4.66,4.76,4.64,4.09,3.75,3.49,3.44,3.4,3.6262360076045725,2.1561688623728767,-3.1951664057541254,-8.392671649543798,0.47,40
2023-02-03,4.7,4.82,4.79,4.3,3.96,3.67,3.61,3.53,3.586262720248393,2.2338729096531265,-2.4638579736750534,-8.796522526264535,0.47,40
2023-02-06,4.71,4.89,4.85,4.44,4.1,3.81,3.73,3.63,3.5934705776799376,2.2464474181232617,-2.0199401520979223,-9.075890389464137,0.47,40
2023-02-07,4.71,4.89,4.88,4.47,4.11,3.85,3.78,3.67,3.6570696833171827,2.2070667281598046,-2.061618465918219,-9.345675980552711,0.47,40
2023-02-08,4.72,4.88,4.87,4.45,4.08,3.82,3.75,3.63,3.609229073531337,2.2363475466532963,-2.045370645004615,-9.062566919738295,0.47,40
2023-02-09,4.77,4.9,4.88,4.48,4.15,3.87,3.79,3.67,3.5857778848331554,2.1787010040228543,-1.7137895749454986,-7.949042017973493,0.47,40
2023-02-10,4.79,4.89,4.89,4.5,4.19,3.93,3.86,3.74,3.6599007756840636,2.038296655662851,-1.588856919760787,-7.249234873029066,0.47,40
2023-02-13,4.81,4.99,4.91,4.52,4.22,3.93,3.84,3.72,3.643711835714834,2.1888789406962923,-1.7435710062260874,-8.108546194625987,0.47,40
2023-02-14,4.8,4.98,4.99,4.6,4.32,4.0,3.9,3.77,3.5956253641149525,2.247636414592554,-1.35861259128656,-8.577392209731352,0.47,40
2023-02-15,4.79,4.97,4.96,4.62,4.35,4.04,3.94,3.81,3.610741943939731,2.146020573959394,-1.144137111206601,-7.954380114442279,0.47,40
2023-02-16,4.84,4.98,4.99,4.62,4.35,4.06,3.98,3.86,3.7232902687407687,2.0535632166035724,-1.3479896831726508,-7.636645168267305,0.47,40
2023-02-17,4.84,4.99,5.0,4.6,4.33,4.03,3.95,3.82,3.692401638316328,2.131616530745766,-1.448929489855826,-8.00511382504077,0.47,40
2023-02-21,4.86,5.07,5.07,4.67,4.44,4.16,4.08,3.95,3.8636527412449713,2.049209653088746,-1.5179198273513084,-8.634613121224515,0.47,40
2023-02-22,4.84,5.08,5.07,4.66,4.43,4.13,4.07,3.93,3.8686480744317557,2.101855675040277,-1.667763428306021,-9.28395201564449,0.47,40
2023-02-23,4.84,5.05,5.03,4.66,4.4,4.09,4.02,3.88,3.756579291890318,2.1359806034752684,-1.4460604017059884,-8.626878749107545,0.47,40
2023-02-24,4.86,5.06,5.05,4.78,4.52,4.19,4.1,3.95,3.672709731871246,2.108386896371511,-0.7353860330499777,-7.724801249891596,0.47,40
2023-02-27,4.89,5.18,5.03,4.78,4.49,4.17,4.08,3.92,3.7250122409567488,2.2029741594840226,-1.1581134084567855,-8.435135604366867,0.47,40
2023-02-28,4.88,5.17,5.02,4.81,4.51,4.18,4.07,3.92,3.661791540388652,2.226552668809902,-0.924812297880334,-8.26147861785651,0.47,40
2023-03-01,4.9,5.2,5.06,4.89,4.61,4.27,4.17,4.01,3.709905911721842,2.1617350082675526,-0.659857788176725,-8.06925352753966,0.47,40
2023-03-02,4.91,5.18,5.04,4.89,4.63,4.32,4.24,4.08,3.8097876642112545,1.9670239668188068,-0.5926705351656577,-7.1604066327935385,0.47,40
2023-03-03,4.91,5.18,5.03,4.86,4.6,4.26,4.15,3.97,3.62507867161518,2.1447786297287186,-0.41182860381199654,-7.07540329558491,0.47,40
2023-03-06,4.93,5.22,5.05,4.89,4.61,4.27,4.16,3.98,3.6453649574803872,2.187742759597545,-0.5002848126059365,-7.417617288887621,0.47,40
2023-03-07,5.04,5.32,5.22,5.0,4.66,4.31,4.17,3.97,3.5819301088800515,2.47492923171234,-0.527396662080454,-8.480119164288915,0.47,40
2023-03-08,5.06,5.34,5.25,5.05,4.71,4.34,4.19,3.98,3.5251356687223896,2.5293988982085187,-0.27749931161348396,-8.37276690244732,0.47,40
2023-03-09,5.05,5.32,5.18,4.9,4.56,4.22,4.1,3.93,3.6786209706493005,2.4412346454939,-1.1463802373749967,-8.672060446817921,0.47,40
2023-03-10,5.01,5.17,4.9,4.6,4.31,3.96,3.86,3.7,3.5089766600350147,2.2631755610528295,-1.2732233523390755,-5.525037118082314,0.47,40
2023-03-13,4.87,4.81,4.3,4.03,3.88,3.68,3.65,3.55,3.660446258871893,1.239853023523218,-1.6588215623565876,1.6757183539620486,0.47,40
2023-03-14,4.88,4.93,4.45,4.2,4.05,3.78,3.74,3.64,3.676107718699762,1.4773119959450045,-1.5700627926422912,-0.6774076151862509,0.47,40
2023-03-15,4.75,4.73,4.19,3.93,3.83,3.59,3.57,3.51,3.651072864133221,1.1842105679916026,-1.8053376919892572,1.2152748500471726,0.47,40
2023-03-16,4.74,4.94,4.49,4.14,3.99,3.72,3.67,3.56,3.6969110984549856,1.7344371427195198,-2.2115963036079562,-4.32426969654058,0.47,40
2023-03-17,4.52,4.71,4.26,3.81,3.68,3.44,3.45,3.39,3.7789524607792746,1.5566801306297873,-3.2224040176745294,-5.137876614019278,0.47,40
2023-03-20,4.81,4.8,4.34,3.92,3.77,3.56,3.55,3.47,3.745220065708329,1.4111263914426677,-2.578097244617021,-0.9401315125160798,0.47,40
2023-03-21,4.78,4.96,4.68,4.17,3.98,3.73,3.68,3.59,3.8239698335966787,1.911732206660859,-2.846889579266319,-6.736227896847906,0.47,40
2023-03-22,4.79,4.95,4.56,3.96,3.76,3.54,3.53,3.48,3.965955775832459,1.83044940362558,-3.9422055319593756,-6.613172984943371,0.47,40
2023-03-23,4.73,4.8,4.38,3.76,3.57,3.39,3.39,3.38,3.95785517944287,1.6095424798697686,-4.198750936032393,-4.916883127350791,0.47,40
2023-03-24,4.74,4.76,4.32,3.76,3.58,3.41,3.4,3.38,3.8804836706683323,1.4920098072295436,-3.7301737000251007,-3.171751761553328,0.47,40
2023-03-27,4.91,4.86,4.51,3.94,3.79,3.59,3.57,3.53,3.9037790138608965,1.5044239899571636,-3.169190096505339,-2.2332121693841485,0.47,40
2023-03-28,4.8,4.9,4.55,4.02,3.84,3.63,3.6,3.55,3.9129777837679756,1.6796521152187407,-3.2554022340773847,-4.979451691293616,0.47,40
2023-03-29,4.8,4.92,4.59,4.08,3.87,3.67,3.62,3.57,3.896935812668902,1.7455448387256578,-3.1574885581739136,-5.514745797119761,0.47,40
2023-03-30,4.97,4.92,4.63,4.1,3.87,3.66,3.61,3.55,3.7959864310267997,1.7203749652074245,-2.8050538402322154,-2.886605436318581,0.47,40
2023-03-31,4.85,4.94,4.64,4.06,3.81,3.6,3.55,3.48,3.8165242635280414,1.9323588736024737,-3.3675926629038493,-5.923218697088971,0.47,40
2023-04-03,4.9,4.88,4.6,3.97,3.73,3.52,3.48,3.43,3.7943359315364917,1.847967408156747,-3.462664253167173,-4.429433494950159,0.47,40
2023-04-04,4.88,4.8,4.5,3.84,3.6,3.39,3.38,3.35,3.793581376940873,1.7574072804907845,-3.7737121213925278,-3.6205810968883108,0.47,40
2023-04-05,4.86,4.82,4.43,3.79,3.55,3.36,3.34,3.3,3.775758608146028,1.7512024033423923,-3.8741321489520084,-3.4036741000746193,0.47,40
2023-04-06,4.91,4.93,4.51,3.82,3.59,3.37,3.34,3.3,3.8076398962615974,1.9248033285380235,-4.179250745965884,-4.6429707207504185,0.47,40
2023-04-07,4.95,4.95,4.61,3.97,3.72,3.49,3.45,3.39,3.768538849923321,1.954978654802614,-3.619933206206769,-4.534454367009631,0.47,40
2023-04-10,5.08,4.98,4.65,4.0,3.75,3.52,3.47,3.41,3.7404369764813157,1.9144057014617706,-3.388176249213022,-2.748999537066677,0.47,40
2023-04-11,5.04,4.99,4.67,4.03,3.76,3.54,3.48,3.43,3.7728303153303617,1.9623846695297278,-3.495217860097695,-3.8660006298785197,0.47,40
2023-04-12,5.02,4.98,4.64,3.95,3.68,3.46,3.43,3.41,3.8849630615009043,1.9338812350926062,-4.10110807256379,-4.585972270047219,0.47,40
2023-04-13,5.1,4.95,4.66,3.96,3.7,3.51,3.48,3.45,3.888623620272986,1.7868681712355583,-3.7877765818302787,-2.683295722291318,0.47,40
2023-04-14,5.14,5.03,4.77,4.08,3.83,3.6,3.56,3.52,3.885125476764622,1.9080124620095118,-3.5709306988461074,-3.5254751280410583,0.47,40
2023-04-17,5.21,5.07,4.8,4.18,3.92,3.69,3.64,3.6,3.8849397057893227,1.8436192534848643,-3.1643903434874368,-2.441528471252804,0.47,40
2023-04-18,5.2,5.09,4.81,4.19,3.92,3.69,3.63,3.58,3.8560062500319368,1.917312888446635,-3.174747277010498,-2.917521353467665,0.47,40
2023-04-19,5.16,5.1,4.84,4.24,3.97,3.71,3.66,3.6,3.8440842571355045,1.9908820363514155,-3.0937916573006903,-3.9436829861472322,0.47,40
2023-04-20,5.12,5.06,4.77,4.14,3.87,3.63,3.59,3.54,3.868381381110412,1.9490280682419174,-3.432868012106852,-3.976334973907093,0.47,40
2023-04-21,5.14,5.07,4.78,4.17,3.89,3.66,3.62,3.57,3.88876245854017,1.914643632971924,-3.3577247898340747,-3.70222397074664,0.47,40
2023-04-24,5.2,5.06,4.76,4.12,3.84,3.6,3.56,3.52,3.843498773433117,1.911538946472517,-3.411224829346057,-2.621241741510893,0.47,40
2023-04-25,5.12,4.98,4.6,3.86,3.62,3.43,3.42,3.4,3.955447986601342,1.7534503687638645,-4.2813741204834725,-2.4691919650321292,0.47,40
2023-04-26,5.16,5.0,4.64,3.9,3.65,3.46,3.45,3.43,3.970331906808334,1.758120383162113,-4.226200665611524,-2.3273115085994567,0.47,40
2023-04-27,5.18,5.05,4.78,4.07,3.82,3.6,3.57,3.53,3.934540119030593,1.8744736376695819,-3.7125509151714295,-3.2233526638631895,0.47,40
2023-04-28,5.1,5.06,4.8,4.04,3.75,3.51,3.49,3.44,3.905976737410916,2.116115035868184,-4.202244729913364,-5.752573964594044,0.47,40
2023-05-01,5.27,5.14,4.86,4.14,3.85,3.64,3.62,3.59,4.047907704691915,1.9107888916245546,-4.007084838301913,-3.6558636614785995,0.47,40
2023-05-02,5.24,5.06,4.74,3.97,3.67,3.46,3.44,3.44,3.9719761207811586,1.919432181101018,-4.404575454829958,-3.064429509494135,0.47,40
2023-05-03,5.26,5.08,4.7,3.89,3.58,3.37,3.37,3.38,4.015293124294018,1.9371479296419285,-4.898456982266707,-3.1504291023070734,0.47,40
2023-05-04,5.26,5.04,4.59,3.75,3.47,3.29,3.32,3.37,4.160630960124719,1.709455583837122,-5.4191501071688375,-2.1144210380638833,0.47,40
2023-05-05,5.26,5.13,4.73,3.92,3.63,3.41,3.41,3.44,4.110821222881599,1.9335666118633394,-5.073891250271262,-3.935781729493159,0.47,40
2023-05-08,5.31,5.14,4.79,4.0,3.7,3.49,3.5,3.52,4.152892815722982,1.8677679232449373,-4.834293077439517,-3.433488819311537,0.47,40
2023-05-09,5.29,5.18,4.81,4.01,3.67,3.51,3.51,3.53,4.240951134535717,1.9061417431035803,-5.188814204024396,-4.638463565332681,0.47,40
2023-05-10,5.24,5.13,4.7,3.9,3.55,3.37,3.4,3.43,4.2060713458115035,1.903212903036338,-5.505890498759336,-4.552522431115083,0.47,40
2023-05-11,5.2,5.14,4.7,3.89,3.56,3.36,3.37,3.39,4.13423064747438,2.010213054799638,-5.443029772187297,-5.23334607788079,0.47,40
2023-05-12,5.25,5.16,4.75,3.98,3.65,3.45,3.45,3.46,4.120075798800109,1.9719905448823178,-5.0241287486557695,-4.4948722773465235,0.47,40
2023-05-15,5.21,5.24,4.73,3.99,3.67,3.46,3.48,3.5,4.253657303118685,1.9783147463262414,-5.439538005405077,-5.914952233421712,0.47,40
2023-05-16,5.23,5.26,4.88,4.06,3.74,3.52,3.53,3.54,4.267621392844013,2.12331512657131,-5.4500144291467505,-7.350578956838695,0.47,40
2023-05-17,5.26,5.3,4.92,4.12,3.8,3.58,3.58,3.57,4.248408066714606,2.1507107876029705,-5.223075741197649,-7.223750395595329,0.47,40
2023-05-18,5.31,5.38,5.02,4.24,3.94,3.69,3.67,3.65,4.240414967429754,2.229952937525,-4.895347577936615,-7.567806402188304,0.47,40
2023-05-19,5.29,5.36,5.02,4.28,3.98,3.76,3.74,3.7,4.256424855583162,2.135815678658368,-4.607449575307281,-7.194145748394234,0.47,40
2023-05-22,5.4,5.43,5.07,4.29,3.98,3.77,3.74,3.72,4.3208183910132805,2.1476136158567734,-4.852488783590546,-6.723753528274672,0.47,40
2023-05-23,5.34,5.39,5.06,4.26,3.99,3.76,3.73,3.7,4.276881466127258,2.1638766889069654,-4.739728608083372,-7.101597303168021,0.47,40
2023-05-24,5.37,5.42,5.12,4.31,4.04,3.75,3.76,3.73,4.304677416763759,2.2348928786518116,-4.831958273480313,-7.762594587521901,0.47,40
2023-05-25,5.38,5.46,5.24,4.5,4.21,3.9,3.86,3.83,4.225825369674846,2.3562983818089482,-4.164763195636107,-8.458787590033054,0.47,40
2023-05-26,5.34,5.44,5.25,4.54,4.23,3.92,3.86,3.8,4.1050598241778,2.4494419938139473,-3.8038289819989197,-8.7407717286536,0.47,40
2023-05-30,5.55,5.52,5.22,4.46,4.1,3.81,3.75,3.69,4.065162507173726,2.471869848711697,-4.165291085217119,-6.223579789129948,0.47,40
2023-05-31,5.52,5.46,5.18,4.4,4.04,3.74,3.69,3.64,4.027990545687701,2.464636125255565,-4.243490412298327,-6.086215002152876,0.47,40
2023-06-01,5.5,5.44,5.11,4.33,3.98,3.7,3.66,3.61,4.054351896573863,2.3801788066597864,-4.399292113432768,-5.605009090466164,0.47,40
2023-06-02,5.5,5.5,5.22,4.5,4.13,3.84,3.78,3.69,4.003708651554367,2.50110815595856,-3.8696014220608825,-6.543456712996766,0.47,40
2023-06-05,5.46,5.46,5.17,4.46,4.1,3.82,3.77,3.69,4.033969515419182,2.4145949255132177,-3.930035904073936,-6.383281102198808,0.47,40
2023-06-06,5.44,5.44,5.2,4.51,4.15,3.85,3.78,3.7,3.9539602709063,2.4754366841765005,-3.5994468759117715,-6.591676875832674,0.47,40
2023-06-07,5.42,5.43,5.16,4.56,4.21,3.93,3.88,3.79,4.023711738530518,2.282873445607167,-3.297124778708197,-5.784070485825852,0.47,40
2023-06-08,5.38,5.39,5.12,4.52,4.17,3.87,3.8,3.73,3.9336650341341675,2.345340841917048,-3.2656316133492456,-5.903481682996798,0.47,40
2023-06-09,5.37,5.39,5.17,4.59,4.23,3.92,3.84,3.75,3.8733409231268565,2.413965017680985,-2.9488911773260202,-6.264681765154664,0.47,40
2023-06-12,5.4,5.38,5.18,4.55,4.16,3.89,3.82,3.73,3.930531838333582,2.3899347051029918,-3.263861587922078,-6.182111648862963,0.47,40
2023-06-13,5.36,5.36,5.26,4.67,4.3,4.01,3.94,3.84,3.9365374682972463,2.372079808000259,-2.771849307552004,-6.825563384140775,0.47,40
2023-06-14,5.36,5.36,5.27,4.74,4.37,4.06,3.95,3.83,3.76923392180204,2.450872426092472,-2.126769692381833,-6.245329225862504,0.47,40
2023-06-15,5.33,5.33,5.21,4.62,4.23,3.91,3.82,3.72,3.767667232157831,2.522284075849737,-2.718998624077438,-6.881766622012219,0.47,40
2023-06-16,5.34,5.35,5.24,4.7,4.32,3.99,3.88,3.77,3.7222137599659693,2.52516162197042,-2.2825987300686053,-6.585236156906276,0.47,40
2023-06-20,5.39,5.41,5.24,4.68,4.29,3.96,3.85,3.74,3.7411136124416906,2.578182932871532,-2.549774345313568,-6.569592468353298,0.47,40
2023-06-21,5.4,5.41,5.25,4.68,4.29,3.95,3.84,3.72,3.70139479217721,2.617770146732736,-2.4910050780837314,-6.492072892164297,0.47,40
2023-06-22,5.4,5.41,5.29,4.77,4.37,4.03,3.92,3.8,3.722120308984112,2.5768253478991734,-2.1938299137448376,-6.5200350093717505,0.47,40
2023-06-23,5.41,5.41,5.25,4.71,4.32,3.99,3.88,3.74,3.681601781171395,2.5757021497162254,-2.239305160258007,-5.924019244490769,0.47,40
2023-06-26,5.5,5.45,5.27,4.65,4.3,3.96,3.85,3.72,3.715770001297281,2.5672960274849776,-2.489331897808573,-5.139549038586215,0.47,40
2023-06-27,5.44,5.46,5.33,4.74,4.38,4.02,3.9,3.77,3.709582766899687,2.6665711759883584,-2.3345352824693344,-6.730145139617162,0.47,40
2023-06-28,5.44,5.47,5.32,4.71,4.32,3.97,3.83,3.71,3.6721012370366113,2.7621997479826415,-2.5416443381889735,-7.134995877800658,0.47,40
2023-06-29,5.46,5.5,5.41,4.87,4.49,4.14,3.99,3.85,3.6921630045465617,2.7082277468846603,-1.9224019048181016,-7.000801051172205,0.47,40
2023-06-30,5.43,5.47,5.4,4.87,4.49,4.13,3.97,3.81,3.5889553271008863,2.762831063778603,-1.6667162066568852,-6.935621932939352,0.47,40
2023-07-03,5.44,5.53,5.43,4.94,4.56,4.19,4.03,3.86,3.616760686189878,2.7878862989075732,-1.5714207207868869,-7.347034225848368,0.47,40
2023-07-05,5.44,5.52,5.4,4.94,4.59,4.25,4.11,3.95,3.7534885381888805,2.564663343546056,-1.5609435154156777,-6.576015014117673,0.47,40
2023-07-06,5.46,5.54,5.44,4.99,4.68,4.37,4.22,4.05,3.834896316827454,2.434668449995137,-1.3100959126692329,-6.078063430569806,0.47,40
2023-07-07,5.46,5.53,5.41,4.94,4.64,4.35,4.23,4.06,3.931939370355056,2.325747317876636,-1.5816568155252304,-5.849894536647471,0.47,40
2023-07-10,5.48,5.54,5.38,4.85,4.54,4.25,4.14,4.01,4.004829346648029,2.343113409170813,-2.212226985318607,-6.191846297957692,0.47,40
2023-07-11,5.49,5.55,5.44,4.88,4.52,4.24,4.13,3.99,3.9935118517090378,2.464537734807452,-2.359613625289286,-7.117268805577813,0.47,40
2023-07-12,5.47,5.53,5.35,4.72,4.36,4.07,3.97,3.86,3.9908045772542815,2.5175899301453057,-3.0270502094510316,-7.378300069332739,0.47,40
2023-07-13,5.47,5.49,5.27,4.59,4.21,3.93,3.85,3.76,4.000216379377,2.5021155239767596,-3.5386633831224037,-7.047541606594846,0.47,40
2023-07-14,5.49,5.52,5.34,4.74,4.35,4.04,3.94,3.83,3.9083417553718505,2.56659598988519,-2.8678740832875618,-6.9403119645430955,0.47,40
2023-07-17,5.49,5.52,5.33,4.74,4.34,4.02,3.91,3.81,3.870546420663948,2.6061943258822082,-2.8509750135365888,-6.947100650707587,0.47,40
2023-07-18,5.49,5.51,5.32,4.74,4.35,4.0,3.9,3.8,3.8331326882994534,2.617392905971303,-2.755985375396495,-6.74238531612736,0.47,40
2023-07-19,5.49,5.51,5.32,4.74,4.34,3.98,3.87,3.75,3.7386501613929246,2.704438900609606,-2.616811858752785,-6.692810804008546,0.47,40
2023-07-20,5.49,5.52,5.35,4.8,4.43,4.08,3.98,3.85,3.8191755698167293,2.584609008572381,-2.384968552994258,-6.484461988696685,0.47,40
2023-07-21,5.5,5.53,5.35,4.82,4.44,4.09,3.97,3.84,3.7670443157778655,2.6209368666827078,-2.2350580990627527,-6.278277871713365,0.47,40
2023-07-24,5.51,5.55,5.38,4.81,4.48,4.13,4.0,3.86,3.7884262895481724,2.607898835762819,-2.193776447917447,-6.262580550994224,0.47,40
2023-07-25,5.51,5.57,5.38,4.85,4.53,4.15,4.05,3.91,3.836388127249301,2.5660980155086035,-2.156206500897871,-6.349726699949449,0.47,40
2023-07-26,5.51,5.55,5.37,4.82,4.47,4.09,3.99,3.86,3.805441327759055,2.6225049228159305,-2.3236174393523963,-6.523505852743364,0.47,40
2023-07-27,5.51,5.56,5.4,4.91,4.58,4.24,4.13,4.01,3.930748552680118,2.4328100408963986,-2.0213606047583665,-6.14052821010647,0.47,40
2023-07-28,5.52,5.54,5.37,4.87,4.52,4.18,4.08,3.96,3.9006248786103646,2.4432081481029084,-2.1319288367285822,-5.794221364097166,0.47,40
2023-07-31,5.55,5.53,5.37,4.88,4.51,4.18,4.08,3.97,3.905450500616995,2.406535837429566,-2.0997912182787677,-5.253965292408088,0.47,40
2023-08-01,5.54,5.54,5.38,4.92,4.57,4.24,4.15,4.05,3.990505294211754,2.3138294449293695,-2.041292901411712,-5.346950316014742,0.47,40
2023-08-02,5.53,5.52,5.36,4.88,4.54,4.24,4.17,4.08,4.103158560398321,2.188725512732295,-2.2886037117355653,-5.254727761060899,0.47,40
2023-08-03,5.54,5.52,5.37,4.9,4.58,4.3,4.26,4.2,4.300660971768155,1.987298345841471,-2.4767478756276007,-5.142017733389564,0.47,40
2023-08-04,5.54,5.5,5.33,4.78,4.45,4.15,4.1,4.05,4.196690544682031,2.142838014830185,-2.860507153995404,-5.368449268390461,0.47,40
2023-08-07,5.56,5.53,5.3,4.76,4.44,4.16,4.13,4.09,4.3183822272600505,2.022212272162492,-3.1091193585464216,-5.040626302023271,0.47,40
2023-08-08,5.57,5.53,5.35,4.74,4.36,4.1,4.06,4.02,4.2932251494040905,2.1882428266934464,-3.4738962176792625,-6.140609708663955,0.47,40
2023-08-09,5.55,5.54,5.35,4.79,4.41,4.12,4.07,4.0,4.170670246965801,2.2768371151640463,-3.0648912698872546,-6.143896487620693,0.47,40
2023-08-10,5.54,5.52,5.33,4.82,4.47,4.21,4.17,4.09,4.245512754716067,2.0730468860641174,-2.765990947178683,-5.202596735231899,0.47,40
2023-08-11,5.54,5.52,5.36,4.89,4.56,4.31,4.26,4.16,4.2395048712650985,2.005423816881667,-2.321216165332489,-4.748664596939249,0.47,40
2023-08-14,5.56,5.56,5.37,4.96,4.64,4.36,4.29,4.19,4.177819872052007,2.039838896491415,-1.9563408033324945,-4.41529259744776,0.47,40
2023-08-15,5.56,5.55,5.36,4.92,4.64,4.36,4.31,4.21,4.2456171364849595,1.9490673162150178,-2.072177414043128,-4.159769131447824,0.47,40
2023-08-16,5.56,5.54,5.37,4.97,4.68,4.42,4.37,4.28,4.3000450771045,1.8549014862174233,-1.9253711386358605,-3.921785310243858,0.47,40
2023-08-17,5.56,5.53,5.36,4.94,4.67,4.42,4.38,4.3,4.366405783270462,1.7765231753525716,-2.0633694602842843,-3.7669554620876955,0.47,40
2023-08-18,5.55,5.52,5.35,4.92,4.63,4.38,4.34,4.26,4.3373479108077655,1.8280239278738866,-2.166752592253838,-4.018146326196466,0.47,40
2023-08-21,5.57,5.58,5.37,4.97,4.7,4.46,4.42,4.34,4.431908015403717,1.7598197208331103,-2.146928527595715,-4.055643609202039,0.47,40
2023-08-22,5.57,5.57,5.39,5.02,4.75,4.49,4.44,4.34,4.333717149223143,1.8064747644618144,-1.7365765997467024,-3.7677299339284365,0.47,40
2023-08-23,5.57,5.55,5.35,4.95,4.64,4.36,4.3,4.19,4.170473724215045,1.986251613910882,-1.8582447808230493,-3.7791139303302983,0.47,40
2023-08-24,5.58,5.59,5.39,4.98,4.69,4.39,4.34,4.23,4.223317554188422,2.006769126185239,-1.9334236898153228,-4.345669033135702,0.47,40
2023-08-25,5.61,5.61,5.44,5.03,4.72,4.44,4.37,4.25,4.2071374879861905,2.0432332239701387,-1.788038658666229,-4.3372124344509375,0.47,40
2023-08-28,5.58,5.56,5.44,4.98,4.69,4.38,4.32,4.2,4.153304200755863,2.0965692958961624,-1.8358387395478137,-4.64014892926228,0.47,40
2023-08-29,5.56,5.52,5.37,4.87,4.56,4.26,4.21,4.12,4.171845295806639,2.091161605338547,-2.320781203324441,-4.7141020460115435,0.47,40
2023-08-30,5.56,5.51,5.39,4.9,4.57,4.27,4.22,4.12,4.138391058365656,2.1226164888960706,-2.1947618669358873,-4.786791081870575,0.47,40
2023-08-31,5.56,5.48,5.37,4.85,4.54,4.23,4.19,4.09,4.121546888581117,2.0999551585294634,-2.2369893602556905,-4.400228619019699,0.47,40
2023-09-01,5.53,5.47,5.36,4.87,4.57,4.29,4.27,4.18,4.262713769486919,1.9371993478706508,-2.3037828905008513,-4.521300617120684,0.47,40
2023-09-05,5.55,5.51,5.42,4.94,4.65,4.37,4.35,4.27,4.351548889549021,1.9071496247964406,-2.279568484688199,-4.949691055734106,0.47,40
2023-09-06,5.55,5.52,5.44,5.01,4.73,4.44,4.39,4.3,4.270664378639343,1.9299321779542251,-1.793147996055834,-4.61181754020561,0.47,40
2023-09-07,5.53,5.5,5.4,4.94,4.66,4.38,4.35,4.27,4.326070269179755,1.8911125473436599,-2.1460344736856114,-4.792973585995499,0.47,40
2023-09-08,5.55,5.49,5.42,4.98,4.68,4.39,4.35,4.26,4.241535214845847,1.9395613805800145,-1.8632540012997962,-4.410792071995302,0.47,40
2023-09-11,5.55,5.51,5.4,4.97,4.64,4.4,4.37,4.29,4.366805346136815,1.8546022975095868,-2.1996763711866434,-4.63329935487738,0.47,40
2023-09-12,5.56,5.53,5.42,4.98,4.66,4.41,4.36,4.27,4.3068377833678335,1.9289450587563914,-2.075808256218563,-4.687614823175481,0.47,40
2023-09-13,5.55,5.51,5.42,4.96,4.64,4.39,4.34,4.25,4.291160153435512,1.9446757115982372,-2.111757382056186,-4.785325051195279,0.47,40
2023-09-14,5.55,5.5,5.42,5.0,4.68,4.42,4.38,4.29,4.294613615231427,1.8931288436839724,-1.9096781917660435,-4.4627713371425495,0.47,40
2023-09-15,5.56,5.49,5.43,5.02,4.72,4.45,4.41,4.33,4.307740627698859,1.8377998173210608,-1.758062439690282,-4.0804437854133235,0.47,40
2023-09-18,5.55,5.51,5.44,5.05,4.74,4.46,4.41,4.32,4.26199325646403,1.9111236614973064,-1.6550064595506797,-4.44979477890167,0.47,40
2023-09-19,5.54,5.51,5.45,5.08,4.79,4.51,4.47,4.37,4.296921543274666,1.8466757917404784,-1.5034648635097356,-4.36421157731133,0.47,40
2023-09-20,5.56,5.51,5.47,5.12,4.82,4.52,4.46,4.35,4.184082729468051,1.9261049319623722,-1.16860457691041,-4.000995119715032,0.47,40
2023-09-21,5.57,5.52,5.46,5.12,4.85,4.61,4.57,4.49,4.441384507541136,1.6398079925058178,-1.4250279454991541,-3.5893671771086324,0.47,40
2023-09-22,5.56,5.52,5.46,5.1,4.8,4.57,4.53,4.44,4.415305137769781,1.718847857262293,-1.59120922297791,-4.089128733336167,0.47,40
2023-09-25,5.58,5.52,5.45,5.09,4.83,4.62,4.61,4.55,4.614198771117477,1.4831883998534365,-1.7928438341905109,-3.5323753139778313,0.47,40
2023-09-26,5.58,5.53,5.45,5.04,4.84,4.62,4.62,4.56,4.6731307259384085,1.4344577650061756,-1.947723211397213,-3.535407588834285,0.47,40
2023-09-27,5.58,5.53,5.49,5.1,4.89,4.67,4.69,4.61,4.699755474841285,1.413233544933405,-1.7962328283825102,-3.724742457438569,0.47,40
2023-09-28,5.56,5.53,5.46,5.04,4.83,4.62,4.63,4.59,4.761385692311532,1.4129161309775404,-2.2120931519713625,-4.286280368388839,0.47,40
2023-09-29,5.55,5.53,5.46,5.03,4.8,4.6,4.61,4.59,4.806268303155031,1.4242969054446946,-2.4529845858014183,-4.824740931603407,0.47,40
2023-10-02,5.62,5.58,5.49,5.12,4.88,4.72,4.73,4.69,4.877003719790102,1.2901189902801509,-2.1498456116898126,-3.697673161837154,0.47,40
2023-10-03,5.62,5.58,5.49,5.15,4.95,4.8,4.84,4.81,5.032962127875971,1.080236767785283,-2.110657082825986,-3.280747492761927,0.47,40
2023-10-04,5.61,5.57,5.42,5.05,4.85,4.72,4.75,4.73,5.019905409000865,1.079346170621072,-2.410385588474474,-3.012791312978221,0.47,40
2023-10-05,5.61,5.56,5.39,5.03,4.82,4.68,4.73,4.72,5.039239406912701,1.052419907607782,-2.5427572132952116,-2.8822351042970813,0.47,40
2023-10-06,5.63,5.59,5.43,5.08,4.87,4.75,4.79,4.78,5.094114012215978,1.0206401050851261,-2.4767696472312024,-2.9626443588545275,0.47,40
2023-10-10,5.61,5.57,5.37,4.96,4.74,4.62,4.66,4.66,5.054557836756461,1.101090550731447,-2.927581313920505,-3.2524014360558873,0.47,40
2023-10-11,5.61,5.56,5.38,4.99,4.73,4.59,4.61,4.58,4.8685985238909595,1.2711848706328541,-2.5952360207564134,-3.2157763156605617,0.47,40
2023-10-12,5.63,5.58,5.43,5.06,4.82,4.69,4.73,4.7,4.996332572400617,1.1435501565338877,-2.4984633187683922,-3.1600921966700874,0.47,40
2023-10-13,5.62,5.57,5.41,5.04,4.8,4.65,4.66,4.63,4.864903146528151,1.2502972235883578,-2.3366739313873404,-3.03246299391897,0.47,40
2023-10-16,5.61,5.58,5.42,5.09,4.87,4.72,4.74,4.71,4.931233532219325,1.1577391429907615,-2.1792054665265024,-2.9883385835083507,0.47,40
2023-10-17,5.62,5.6,5.48,5.19,5.01,4.86,4.88,4.83,4.977556010285638,1.0606904827812424,-1.7145966558092982,-2.6910341000679083,0.47,40
2023-10-18,5.61,5.58,5.47,5.19,5.03,4.92,4.95,4.91,5.1033809711805525,0.8764159477289537,-1.7341516065661515,-2.2935406735354626,0.47,40
2023-10-19,5.6,5.56,5.44,5.14,5.01,4.95,5.0,4.98,5.287958317176162,0.6533998097455259,-2.029239263150944,-1.9455553621746227,0.47,40
2023-10-20,5.58,5.54,5.41,5.07,4.93,4.86,4.93,4.93,5.319169282899302,0.6805219879524737,-2.4562392357161054,-2.495807048493038,0.47,40
2023-10-23,5.58,5.56,5.42,5.05,4.89,4.81,4.87,4.86,5.2534638204583,0.8257127503268438,-2.6030781181575064,-3.1196350835497313,0.47,40
2023-10-24,5.58,5.57,5.41,5.02,4.91,4.82,4.86,4.83,5.185881860808876,0.8453583982381768,-2.4088029284345307,-2.6715024266830127,0.47,40
2023-10-25,5.59,5.57,5.43,5.08,4.98,4.89,4.98,4.95,5.335153793182731,0.6706562737010562,-2.375221184533871,-2.4621364043161695,0.47,40
2023-10-26,5.59,5.55,5.39,5.02,4.89,4.79,4.86,4.86,5.257488051172197,0.7673601373629465,-2.5878116561556244,-2.5028843688745406,0.47,40
2023-10-27,5.59,5.55,5.39,4.99,4.84,4.76,4.83,4.84,5.295290835287471,0.7839117781348309,-2.8708404306054875,-2.89272513330189,0.47,40
2023-10-30,5.6,5.53,5.41,5.03,4.87,4.8,4.88,4.88,5.30553170138631,0.7256915719961458,-2.6724955737988823,-2.50652489143452,0.47,40
2023-10-31,5.59,5.54,5.44,5.07,4.9,4.82,4.89,4.88,5.2611067612637825,0.8025148229179164,-2.536440828520827,-2.9756456981248847,0.47,40
2023-11-01,5.57,5.51,5.37,4.95,4.76,4.67,4.75,4.77,5.246675269084629,0.8631800022987697,-3.0793946690619385,-3.3053132243215977,0.47,40
2023-11-02,5.54,5.5,5.38,4.98,4.78,4.65,4.68,4.67,4.982115970505835,1.1017380894593138,-2.5460959516047477,-3.508985021128508,0.47,40
2023-11-03,5.53,5.45,5.29,4.83,4.62,4.49,4.55,4.57,5.0146412252376145,1.0697071818197785,-3.1633873322783366,-3.3008944813426515,0.47,40
2023-11-06,5.56,5.47,5.33,4.93,4.72,4.6,4.66,4.67,5.050578356037637,0.979334793096104,-2.7753282252683924,-2.732907230616361,0.47,40
2023-11-07,5.55,5.47,5.33,4.91,4.64,4.53,4.58,4.58,4.972735347714166,1.1377606029627216,-2.973488439658544,-3.4622403770086594,0.47,40
2023-11-08,5.54,5.46,5.34,4.93,4.65,4.51,4.54,4.49,4.754998402261435,1.3147288170299263,-2.512396496035979,-3.315478735064973,0.47,40
2023-11-09,5.54,5.46,5.39,5.03,4.77,4.65,4.68,4.62,4.826965614811564,1.1792661398887332,-2.0946960332917572,-3.009597932868609,0.47,40
2023-11-10,5.53,5.46,5.38,5.04,4.8,4.65,4.68,4.61,4.766009770756801,1.2054635722289215,-1.8856579940431686,-2.840951259180729,0.47,40
2023-11-13,5.55,5.48,5.37,5.02,4.8,4.66,4.69,4.63,4.825617007092646,1.1434908616556465,-2.006634486206511,-2.545008547399995,0.47,40
2023-11-14,5.52,5.41,5.24,4.8,4.56,4.42,4.45,4.44,4.778023112017294,1.2033210290665846,-2.7883165605145845,-2.5027123304951324,0.47,40
2023-11-15,5.53,5.41,5.27,4.9,4.68,4.52,4.56,4.53,4.764260613454543,1.1231249246818797,-2.2284723571042533,-1.8345505808060047,0.47,40
2023-11-16,5.51,5.38,5.23,4.83,4.59,4.43,4.47,4.45,4.723260559455226,1.179514581207564,-2.4787513253816673,-2.0320579365361464,0.47,40
2023-11-17,5.5,5.39,5.24,4.88,4.64,4.45,4.47,4.44,4.6160569667553375,1.268291976624392,-2.1276959853156296,-2.081546761073414,0.47,40
2023-11-20,5.54,5.43,5.25,4.89,4.62,4.44,4.46,4.42,4.612824914987011,1.3175975804506725,-2.2361148449958828,-2.033490685954204,0.47,40
2023-11-21,5.53,5.42,5.24,4.86,4.6,4.41,4.44,4.41,4.634435561689575,1.3128878727856468,-2.3905098296110445,-2.2267397126235213,0.47,40
2023-11-22,5.54,5.42,5.26,4.89,4.62,4.44,4.46,4.42,4.608650090961187,1.321481439486558,-2.223347193220563,-2.0606198102567443,0.47,40
2023-11-24,5.54,5.45,5.27,4.92,4.67,4.49,4.51,4.47,4.6592158442408715,1.2804848883080642,-2.174776118350328,-2.1597665362728424,0.47,40
2023-11-27,5.49,5.45,5.24,4.84,4.6,4.38,4.43,4.39,4.659335231541689,1.3905955519923177,-2.642975532759545,-3.410222320133078,0.47,40
2023-11-28,5.47,5.42,5.21,4.73,4.49,4.29,4.36,4.34,4.744601815530808,1.3677280531065221,-3.2441941978833917,-3.932839916686574,0.47,40
2023-11-29,5.45,5.38,5.12,4.64,4.4,4.22,4.28,4.27,4.704217712722158,1.3165245618553596,-3.3354968520059214,-3.148314400223129,0.47,40
2023-11-30,5.45,5.38,5.16,4.73,4.48,4.31,4.38,4.37,4.77019379553732,1.2323509591582948,-3.1043216407273535,-3.1830992491451355,0.47,40
2023-12-01,5.43,5.33,5.05,4.56,4.31,4.14,4.22,4.22,4.712852096610721,1.2522562324224875,-3.555216343602129,-2.7124130471331256,0.47,40
2023-12-04,5.46,5.41,5.1,4.64,4.4,4.23,4.3,4.28,4.742093457833853,1.2779075979190062,-3.3970098515991642,-2.9617098641330792,0.47,40
2023-12-05,5.45,5.37,5.06,4.57,4.33,4.14,4.2,4.18,4.621515361628909,1.358418489458725,-3.398114264954857,-2.6349506906371576,0.47,40
2023-12-06,5.45,5.38,5.07,4.6,4.33,4.12,4.16,4.12,4.480899342366503,1.5118476892533201,-3.1711957970435725,-2.80673435697454,0.47,40
2023-12-07,5.44,5.36,5.05,4.58,4.31,4.11,4.16,4.14,4.54293780759935,1.43743464378334,-3.3166802882035884,-2.7578803920753927,0.47,40
2023-12-08,5.44,5.39,5.13,4.71,4.45,4.24,4.28,4.23,4.521783023848812,1.4572476455013081,-2.790914199928084,-3.0376657868173598,0.47,40
2023-12-11,5.47,5.4,5.14,4.71,4.42,4.25,4.27,4.23,4.545257806853073,1.4487070380616571,-2.893715718632904,-2.847455771317489,0.47,40
2023-12-12,5.46,5.41,5.14,4.73,4.42,4.23,4.24,4.2,4.477474060464204,1.545992522524061,-2.8312447249536614,-3.2194269367958763,0.47,40
2023-12-13,5.44,5.33,4.94,4.46,4.18,4.0,4.04,4.04,4.502342285606223,1.3998691466689825,-3.573957404925601,-1.7941137659128064,0.47,40
2023-12-14,5.43,5.31,4.9,4.37,4.09,3.9,3.93,3.92,4.394689437583546,1.5079018996622149,-3.7207279936133717,-1.7396534874718375,0.47,40
2023-12-15,5.44,5.33,4.95,4.44,4.13,3.91,3.94,3.91,4.311607733880715,1.6436915253379198,-3.5171780164229776,-2.246565640060781,0.47,40
2023-12-18,5.46,5.36,4.95,4.43,4.15,3.94,3.97,3.95,4.393659031890239,1.5690858655963196,-3.63184353407001,-2.049051405297983,0.47,40
2023-12-19,5.43,5.35,4.93,4.41,4.15,3.94,3.96,3.93,4.3573916475715695,1.5761045322956968,-3.539178733396136,-2.0653962897118197,0.47,40
2023-12-20,5.44,5.33,4.88,4.34,4.06,3.86,3.88,3.86,4.329386359701774,1.583704442391034,-3.7551381038996543,-1.6350541307902626,0.47,40
2023-12-21,5.42,5.31,4.84,4.33,4.06,3.87,3.91,3.89,4.38235940514919,1.465972175295585,-3.7381373682926373,-1.2358903437807895,0.47,40
2023-12-22,5.44,5.31,4.82,4.31,4.04,3.87,3.92,3.9,4.4291019313804725,1.385800418807697,-3.8185345011920004,-0.6854446645609027,0.47,40
2023-12-26,5.45,5.28,4.83,4.26,4.05,3.89,3.91,3.89,4.393599613717252,1.3439965998634462,-3.6477404142654426,0.05581813754261898,0.47,40
2023-12-27,5.44,5.26,4.79,4.2,3.97,3.78,3.81,3.79,4.3043503535227075,1.4509854040241772,-3.8213628672253477,-0.07684310181723197,0.47,40
2023-12-28,5.45,5.28,4.82,4.26,4.02,3.83,3.84,3.84,4.318837371682352,1.4579013825200555,-3.703802352378357,-0.26714927672941113,0.47,40
2023-12-29,5.4,5.26,4.79,4.23,4.01,3.84,3.88,3.88,4.437826939021502,1.3338513518990145,-3.9144542201150445,-0.635087412931146,0.47,40
2024-01-02,5.46,5.24,4.8,4.33,4.09,3.93,3.95,3.95,4.369914113728327,1.2246647852226193,-3.2177367837595425,1.228683970696983,0.47,40
2024-01-03,5.48,5.25,4.81,4.33,4.07,3.9,3.92,3.91,4.317142971769521,1.3042904100895403,-3.2338649842494576,1.1982344753939451,0.47,40
2024-01-04,5.48,5.25,4.85,4.38,4.14,3.97,3.99,3.99,4.378417078594815,1.239256742698221,-3.0998107692082386,1.09233425360473,0.47,40
2024-01-05,5.47,5.24,4.84,4.4,4.17,4.02,4.04,4.05,4.441569297983379,1.125246682561307,-3.0085393464455437,1.3968947520682296,0.47,40
2024-01-08,5.49,5.24,4.82,4.36,4.11,3.97,3.99,4.01,4.44272779364729,1.1396561705556372,-3.225289806247928,1.5658628648765844,0.47,40
2024-01-09,5.47,5.24,4.82,4.36,4.09,3.97,4.0,4.02,4.4975758771809575,1.1271455889598063,-3.403979877425673,1.03548397705105,0.47,40
2024-01-10,5.46,5.23,4.82,4.37,4.1,3.99,4.01,4.04,4.509191640608297,1.0995004473656305,-3.3512441206437176,1.0427594306993262,0.47,40
2024-01-11,5.46,5.22,4.75,4.26,4.02,3.9,3.95,3.98,4.53933654645526,1.0461281437843237,-3.698558602511108,1.4973776770526979,0.47,40
2024-01-12,5.45,5.16,4.65,4.14,3.92,3.84,3.91,3.96,4.624158952885616,0.8386400180986328,-3.98160460727879,2.693393285063153,0.47,40
2024-01-16,5.45,5.18,4.7,4.22,4.02,3.95,4.01,4.07,4.704662961749564,0.7612664859751694,-3.778351119512078,2.499692614311066,0.47,40
2024-01-17,5.47,5.2,4.8,4.34,4.12,4.02,4.07,4.1,4.608520286091987,0.9000129533977068,-3.3250162306613467,2.0164866353566757,0.47,40
2024-01-18,5.45,5.2,4.8,4.34,4.13,4.04,4.1,4.14,4.690108655979594,0.8393501248466753,-3.4559807822482167,1.6559737391104479,0.47,40
2024-01-19,5.45,5.21,4.84,4.39,4.18,4.08,4.12,4.15,4.630860937159897,0.9086729209681559,-3.2013189491431944,1.4345935313525973,0.47,40
2024-01-22,5.46,5.22,4.83,4.37,4.14,4.03,4.07,4.11,4.611216240940588,0.9722712691880299,-3.379438319783066,1.2276353960347794,0.47,40
2024-01-23,5.45,5.21,4.81,4.31,4.16,4.06,4.11,4.14,4.684951380599432,0.8301933636858625,-3.3916177088509336,1.80009631021687,0.47,40
2024-01-24,5.44,5.22,4.83,4.34,4.19,4.06,4.14,4.18,4.746346246527431,0.8306114416275677,-3.517091302139943,1.126451572915586,0.47,40
2024-01-25,5.44,5.19,4.76,4.28,4.12,4.01,4.07,4.14,4.72554153199208,0.7757244490683929,-3.5962431859408843,1.915632371037226,0.47,40
2024-01-26,5.44,5.19,4.78,4.34,4.15,4.04,4.1,4.15,4.675760238439863,0.8110395187539893,-3.3424066395361147,1.914817428119992,0.47,40
2024-01-29,5.42,5.19,4.76,4.29,4.1,3.97,4.02,4.08,4.622747487746658,0.916294360112638,-3.5393376633089226,1.376662863046311,0.47,40
2024-01-30,5.42,5.19,4.8,4.36,4.14,4.0,4.03,4.06,4.491549080028035,1.0378162356326432,-3.1274817497261234,1.2746795510499298,0.47,40
2024-01-31,5.42,5.18,4.73,4.27,4.05,3.91,3.95,3.99,4.487551661518593,1.0247223940517023,-3.4255537474731472,1.6502234535035538,0.47,40
2024-02-01,5.42,5.15,4.68,4.2,3.96,3.8,3.83,3.87,4.349926794387694,1.1338093550815365,-3.473069964298782,2.012235348124192,0.47,40
2024-02-02,5.43,5.22,4.81,4.36,4.14,3.99,4.02,4.03,4.456110865725832,1.112134002641553,-3.1422190601908366,1.0704494525962698,0.47,40
2024-02-05,5.42,5.25,4.87,4.46,4.27,4.13,4.16,4.17,4.569432095473276,1.0095648564046167,-2.904727247199569,0.6853533312072466,0.47,40
2024-02-06,5.44,5.23,4.82,4.39,4.14,4.03,4.07,4.09,4.567720239394204,1.0227260530514135,-3.290976435251439,0.9709069135529002,0.47,40
2024-02-07,5.43,5.23,4.83,4.41,4.16,4.06,4.09,4.09,4.532320889786866,1.0382602587722771,-3.108502769988935,0.9890340008875115,0.47,40
2024-02-08,5.44,5.24,4.83,4.46,4.22,4.12,4.15,4.15,4.553115197459331,0.9595837626751534,-2.8578168181090606,1.5048850885690963,0.47,40
2024-02-09,5.44,5.26,4.86,4.48,4.25,4.14,4.17,4.17,4.573400709469778,0.9889309820381839,-2.8850343520677715,1.0399811430126749,0.47,40
2024-02-12,5.43,5.27,4.87,4.46,4.25,4.13,4.16,4.17,4.604188101617289,1.0105341562372532,-3.0528367478180285,0.5303322288169765,0.47,40
2024-02-13,5.45,5.32,4.99,4.64,4.44,4.31,4.33,4.31,4.615530634049504,1.0177314595685418,-2.4378916552033316,0.17584655999327586,0.47,40
2024-02-14,5.43,5.31,4.94,4.56,4.38,4.25,4.27,4.27,4.640709218349446,0.9983595102047393,-2.731829030561735,0.11348574701726118,0.47,40
2024-02-15,5.43,5.3,4.93,4.56,4.36,4.22,4.25,4.24,4.596374726921456,1.0343865404226325,-2.700544270449308,0.18285540872619874,0.47,40
2024-02-16,5.44,5.31,4.98,4.64,4.43,4.29,4.31,4.3,4.598663593197546,1.037040336238096,-2.4507820667127618,0.055074134506760325,0.47,40
2024-02-20,5.44,5.32,4.97,4.59,4.38,4.25,4.28,4.27,4.640574953699138,1.0491616423685102,-2.7731335596130964,-0.27752499149154813,0.47,40
